aalPOW-CurA1_HVNK0001,aalPOW-CurA1
aalPOW-CurB1_HVNK0001,aalPOW-CurB1
aalPOW-CurC1_HVNK0001,aalPOW-CurC1
aalPOW-IoCurIn_HVNK0001,aalPOW-IoCurIn
aalPOW-VoltA3_HVNK0001,aalPOW-VoltA3
aalPOW-VoltB3_HVNK0001,aalPOW-VoltB3
aalPOW-VoltC3_HVNK0001,aalPOW-VoltC3
aalPOW-Uab1_HVNK0001,aalPOW-Uab1
aalPOW-Ubc1_HVNK0001,aalPOW-Ubc1
aalPOW-Uca1_HVNK0001,aalPOW-Uca1
aalPOW-WithPowP_HVNK0001,aalPOW-WithPowP
aalPOW-NoPowQ_HVNK0001,aalPOW-NoPowQ
aalPOW-VoltFreq_HVNK0001,aalPOW-VoltFreq
aalPOW-Cos_HVNK0001,aalPOW-Cos
aalPOW-CovTemp1_NKNB0001,aalPOW-CovTemp1
aalPOW-CovACCur1_NKNB0001,aalPOW-CovACCur1
aalPOW-CovDCCur1_NKNB0001,aalPOW-CovDCCur1
aalPOW-CovTemp2_NKNB0001,aalPOW-CovTemp2
aalPOW-CovACCur2_NKNB0001,aalPOW-CovACCur2
aalPOW-CovDCCur2_NKNB0001,aalPOW-CovDCCur2
aalPOW-DCVolt_NKNB0001,aalPOW-DCVolt
aalPOW-DCCur_NKNB0001,aalPOW-DCCur
aalPOW-BLVolt_ZSKX0001,aalPOW-BLVolt
aalPOW-FDCur_ZSKX0001,aalPOW-FDCur
aalPOW-RetCur_NKFJ0001,aalPOW-RetCur
aalPOW-BrkFrmCur_NKFJ0001,aalPOW-BrkFrmCur
aalPOW-TrsTmpCtrA_NKWQ0001,aalPOW-TrsTmpCtrA
aalPOW-TrsTmpCtrB_NKWQ0001,aalPOW-TrsTmpCtrB
aalPOW-TrsTmpCtrC_NKWQ0001,aalPOW-TrsTmpCtrC
aalPOW-VoltA2_DDB_0007,aalPOW-VoltA2
aalPOW-VoltB2_DDB_0007,aalPOW-VoltB2
aalPOW-VoltC2_DDB_0007,aalPOW-VoltC2
aalPOW-PNoPow_DDB_0007,aalPOW-PNoPow
aalPOW-NNoPow_DDB_0007,aalPOW-NNoPow
aalPOW-PWithPow_DDB_0007,aalPOW-PWithPow
aalPOW-NWithPow_DDB_0007,aalPOW-NWithPow
aalPOW-PowFact_DDB_0007,aalPOW-PowFact
