dacPOW-Itrip1_HVNK0001,deiZCIPOWHVNK0001-Itrip1,dacPOW-Itrip1
dacPOW-CurProt1_HVNK0001,deiZCIPOWHVNK0001-CurProt1,dacPOW-CurProt1
dacPOW-IoProtI1_HVNK0001,deiZCIPOWHVNK0001-IoProtI1,dacPOW-IoProtI1
dacPOW-Ovrload1_HVNK0001,deiZCIPOWHVNK0001-Ovrload1,dacPOW-Ovrload1
dacPOW-TripCurC_HVNK0001,deiZCIPOWHVNK0001-TripCurC,dacPOW-TripCurC
dacPOW-SwtPosOpn_HVNK0001,deiZCIPOWHVNK0001-SwtPosOpn,dacPOW-SwtPosOpn
dacPOW-DrwPos_HVNK0001,deiZCIPOWHVNK0001-DrwPos,dacPOW-DrwPos
dacPOW-GCBSta_HVNK0001,deiZCIPOWHVNK0001-GCBSta,dacPOW-GCBSta
dacPOW-RBECtrl_HVNK0001,deiZCIPOWHVNK0001-RBECtrl,dacPOW-RBECtrl
dacPOW-SwtSprg1_HVNK0001,deiZCIPOWHVNK0001-SwtSprg1,dacPOW-SwtSprg1
dacPOW-MCBJmpAla_HVNK0001,deiZCIPOWHVNK0001-MCBJmpAla,dacPOW-MCBJmpAla
dacPOW-NkbOvrTTrip_HVNK0001,deiZCIPOWHVNK0001-NkbOvrTTrip,dacPOW-NkbOvrTTrip
dacPOW-Nkbdoor_HVNK0001,deiZCIPOWHVNK0001-Nkbdoor,dacPOW-Nkbdoor
dacPOW-CSwtOpn_HVNK0001,deiZCIPOWHVNK0001-CSwtOpn,dacPOW-CSwtOpn
dacPOW-K80Trp_HVNK0001,deiZCIPOWHVNK0001-K80Trp,dacPOW-K80Trp
dacPOW-K80door_HVNK0001,deiZCIPOWHVNK0001-K80door,dacPOW-K80door
dacPOW-BraFrm_HVNK0001,deiZCIPOWHVNK0001-BraFrm,dacPOW-BraFrm
dacPOW-DCFrm_HVNK0001,deiZCIPOWHVNK0001-DCFrm,dacPOW-DCFrm
dacPOW-OverCurTrp_HVNK0001,deiZCIPOWHVNK0001-OverCurTrp,dacPOW-OverCurTrp
dacPOW-CtrlScrn_HVNK0001,deiZCIPOWHVNK0001-CtrlScrn,dacPOW-CtrlScrn
dacPOW-Maintain_HVNK0001,deiZCIPOWHVNK0001-Maintain,dacPOW-Maintain
dacPOW-Forbid_HVNK0001,deiZCIPOWHVNK0001-Forbid,dacPOW-Forbid
dacPOW-Ground_HVNK0001,deiZCIPOWHVNK0001-Ground,dacPOW-Ground
dacPOW-PowIscs_HVNK0001,deiZCIPOWHVNK0001-PowIscs,dacPOW-PowIscs
dacPOW-RightPos_HVNK0001,deiZCIPOWHVNK0001-RightPos,dacPOW-RightPos
dacPOW-ComSta_HVNK0001,deiZCIPOWHVNK0001-ComSta,dacPOW-ComSta
dacPOW-EquSta1_NKNB0001,deiZCIPOWNKNB0001-EquSta1,dacPOW-EquSta1
dacPOW-EquSta2_NKNB0001,deiZCIPOWNKNB0001-EquSta2,dacPOW-EquSta2
dacPOW-EquSta3_NKNB0001,deiZCIPOWNKNB0001-EquSta3,dacPOW-EquSta3
dacPOW-1QFSta_NKNB0001,deiZCIPOWNKNB0001-1QFSta,dacPOW-1QFSta
dacPOW-2QFSta_NKNB0001,deiZCIPOWNKNB0001-2QFSta,dacPOW-2QFSta
dacPOW-RemLcCtrl_NKNB0001,deiZCIPOWNKNB0001-RemLcCtrl,dacPOW-RemLcCtrl
dacPOW-LocUrgStp_NKNB0001,deiZCIPOWNKNB0001-LocUrgStp,dacPOW-LocUrgStp
dacPOW-CovFlt1_NKNB0001,deiZCIPOWNKNB0001-CovFlt1,dacPOW-CovFlt1
dacPOW-CovOvrT1_NKNB0001,deiZCIPOWNKNB0001-CovOvrT1,dacPOW-CovOvrT1
dacPOW-CovTmpOv1_NKNB0001,deiZCIPOWNKNB0001-CovTmpOv1,dacPOW-CovTmpOv1
dacPOW-CovFlt2_NKNB0001,deiZCIPOWNKNB0001-CovFlt2,dacPOW-CovFlt2
dacPOW-CovOvrT2_NKNB0001,deiZCIPOWNKNB0001-CovOvrT2,dacPOW-CovOvrT2
dacPOW-CovTmpOv2_NKNB0001,deiZCIPOWNKNB0001-CovTmpOv2,dacPOW-CovTmpOv2
dacPOW-Reserve15_NKNB0001,deiZCIPOWNKNB0001-Reserve15,dacPOW-Reserve15
dacPOW-VoltrOvr_NKNB0001,deiZCIPOWNKNB0001-VoltrOvr,dacPOW-VoltrOvr
dacPOW-CurOvr_NKNB0001,deiZCIPOWNKNB0001-CurOvr,dacPOW-CurOvr
dacPOW-CovDoor_NKNB0001,deiZCIPOWNKNB0001-CovDoor,dacPOW-CovDoor
dacPOW-TranTmp_NKNB0001,deiZCIPOWNKNB0001-TranTmp,dacPOW-TranTmp
dacPOW-TranTmpOv_NKNB0001,deiZCIPOWNKNB0001-TranTmpOv,dacPOW-TranTmpOv
dacPOW-TranDoor_NKNB0001,deiZCIPOWNKNB0001-TranDoor,dacPOW-TranDoor
dacPOW-Reserve16_NKNB0001,deiZCIPOWNKNB0001-Reserve16,dacPOW-Reserve16
dacPOW-80Sta_NKNB0001,deiZCIPOWNKNB0001-80Sta,dacPOW-80Sta
dacPOW-Reserve14_NKNB0001,deiZCIPOWNKNB0001-Reserve14,dacPOW-Reserve14
dacPOW-1QFPos_NKNB0001,deiZCIPOWNKNB0001-1QFPos,dacPOW-1QFPos
dacPOW-1QFOpnlF_NKNB0001,deiZCIPOWNKNB0001-1QFOpnlF,dacPOW-1QFOpnlF
dacPOW-1QFClolF_NKNB0001,deiZCIPOWNKNB0001-1QFClolF,dacPOW-1QFClolF
dacPOW-1QFJmp_NKNB0001,deiZCIPOWNKNB0001-1QFJmp,dacPOW-1QFJmp
dacPOW-2QFPos_NKNB0001,deiZCIPOWNKNB0001-2QFPos,dacPOW-2QFPos
dacPOW-2QFOpnlF_NKNB0001,deiZCIPOWNKNB0001-2QFOpnlF,dacPOW-2QFOpnlF
dacPOW-2QFClolF_NKNB0001,deiZCIPOWNKNB0001-2QFClolF,dacPOW-2QFClolF
dacPOW-2QFJmp_NKNB0001,deiZCIPOWNKNB0001-2QFJmp,dacPOW-2QFJmp
dacPOW-80Pos_NKNB0001,deiZCIPOWNKNB0001-80Pos,dacPOW-80Pos
dacPOW-80OpnlF_NKNB0001,deiZCIPOWNKNB0001-80OpnlF,dacPOW-80OpnlF
dacPOW-80ClolF_NKNB0001,deiZCIPOWNKNB0001-80ClolF,dacPOW-80ClolF
dacPOW-Reserve17_NKNB0001,deiZCIPOWNKNB0001-Reserve17,dacPOW-Reserve17
dacPOW-Reserve18_NKNB0001,deiZCIPOWNKNB0001-Reserve18,dacPOW-Reserve18
dacPOW-Reserve9_NKNB0001,deiZCIPOWNKNB0001-Reserve9,dacPOW-Reserve9
dacPOW-Reserve10_NKNB0001,deiZCIPOWNKNB0001-Reserve10,dacPOW-Reserve10
dacPOW-Reserve11_NKNB0001,deiZCIPOWNKNB0001-Reserve11,dacPOW-Reserve11
dacPOW-Reserve12_NKNB0001,deiZCIPOWNKNB0001-Reserve12,dacPOW-Reserve12
dacPOW-CtrlScrn_NKNB0001,deiZCIPOWNKNB0001-CtrlScrn,dacPOW-CtrlScrn
dacPOW-Maintain_NKNB0001,deiZCIPOWNKNB0001-Maintain,dacPOW-Maintain
dacPOW-Forbid_NKNB0001,deiZCIPOWNKNB0001-Forbid,dacPOW-Forbid
dacPOW-Ground_NKNB0001,deiZCIPOWNKNB0001-Ground,dacPOW-Ground
dacPOW-PowIscs_NKNB0001,deiZCIPOWNKNB0001-PowIscs,dacPOW-PowIscs
dacPOW-RightPos_NKNB0001,deiZCIPOWNKNB0001-RightPos,dacPOW-RightPos
dacPOW-ComSta_NKNB0001,deiZCIPOWNKNB0001-ComSta,dacPOW-ComSta
dacPOW-DrwPos_ZSKX0001,deiZCIPOWZSKX0001-DrwPos,dacPOW-DrwPos
dacPOW-DrwIsoPos_ZSKX0001,deiZCIPOWZSKX0001-DrwIsoPos,dacPOW-DrwIsoPos
dacPOW-DrwPosFlt_ZSKX0001,deiZCIPOWZSKX0001-DrwPosFlt,dacPOW-DrwPosFlt
dacPOW-SwtPosOpn_ZSKX0001,deiZCIPOWZSKX0001-SwtPosOpn,dacPOW-SwtPosOpn
dacPOW-CBPosFlt_ZSKX0001,deiZCIPOWZSKX0001-CBPosFlt,dacPOW-CBPosFlt
dacPOW-FDCtrl_ZSKX0001,deiZCIPOWZSKX0001-FDCtrl,dacPOW-FDCtrl
dacPOW-BrkLock_ZSKX0001,deiZCIPOWZSKX0001-BrkLock,dacPOW-BrkLock
dacPOW-AlmSig_ZSKX0001,deiZCIPOWZSKX0001-AlmSig,dacPOW-AlmSig
dacPOW-NotClo_ZSKX0001,deiZCIPOWZSKX0001-NotClo,dacPOW-NotClo
dacPOW-JmpSig1_ZSKX0001,deiZCIPOWZSKX0001-JmpSig1,dacPOW-JmpSig1
dacPOW-LocOpn_ZSKX0001,deiZCIPOWZSKX0001-LocOpn,dacPOW-LocOpn
dacPOW-CoilPowF_ZSKX0001,deiZCIPOWZSKX0001-CoilPowF,dacPOW-CoilPowF
dacPOW-Recls_ZSKX0001,deiZCIPOWZSKX0001-Recls,dacPOW-Recls
dacPOW-BrkTrip_ZSKX0001,deiZCIPOWZSKX0001-BrkTrip,dacPOW-BrkTrip
dacPOW-JmpLok_ZSKX0001,deiZCIPOWZSKX0001-JmpLok,dacPOW-JmpLok
dacPOW-DeltaI_ZSKX0001,deiZCIPOWZSKX0001-DeltaI,dacPOW-DeltaI
dacPOW-DeltaT_ZSKX0001,deiZCIPOWZSKX0001-DeltaT,dacPOW-DeltaT
dacPOW-ImaxP_ZSKX0001,deiZCIPOWZSKX0001-ImaxP,dacPOW-ImaxP
dacPOW-ImaxPP_ZSKX0001,deiZCIPOWZSKX0001-ImaxPP,dacPOW-ImaxPP
dacPOW-ImaxRev_ZSKX0001,deiZCIPOWZSKX0001-ImaxRev,dacPOW-ImaxRev
dacPOW-ThmPrtAlm_ZSKX0001,deiZCIPOWZSKX0001-ThmPrtAlm,dacPOW-ThmPrtAlm
dacPOW-ThmPrtTrp_ZSKX0001,deiZCIPOWZSKX0001-ThmPrtTrp,dacPOW-ThmPrtTrp
dacPOW-LowVolt1_ZSKX0001,deiZCIPOWZSKX0001-LowVolt1,dacPOW-LowVolt1
dacPOW-LCurTrp_ZSKX0001,deiZCIPOWZSKX0001-LCurTrp,dacPOW-LCurTrp
dacPOW-SndTrp_ZSKX0001,deiZCIPOWZSKX0001-SndTrp,dacPOW-SndTrp
dacPOW-DrwUnlok_ZSKX0001,deiZCIPOWZSKX0001-DrwUnlok,dacPOW-DrwUnlok
dacPOW-NKSOpn_ZSKX0001,deiZCIPOWZSKX0001-NKSOpn,dacPOW-NKSOpn
dacPOW-NKSClo_ZSKX0001,deiZCIPOWZSKX0001-NKSClo,dacPOW-NKSClo
dacPOW-CtrlScrn_ZSKX0001,deiZCIPOWZSKX0001-CtrlScrn,dacPOW-CtrlScrn
dacPOW-Maintain_ZSKX0001,deiZCIPOWZSKX0001-Maintain,dacPOW-Maintain
dacPOW-Forbid_ZSKX0001,deiZCIPOWZSKX0001-Forbid,dacPOW-Forbid
dacPOW-Ground_ZSKX0001,deiZCIPOWZSKX0001-Ground,dacPOW-Ground
dacPOW-PowIscs_ZSKX0001,deiZCIPOWZSKX0001-PowIscs,dacPOW-PowIscs
dacPOW-RightPos_ZSKX0001,deiZCIPOWZSKX0001-RightPos,dacPOW-RightPos
dacPOW-ComSta_ZSKX0001,deiZCIPOWZSKX0001-ComSta,dacPOW-ComSta
dacPOW-DSIsoPos_NLDG0001,deiZCIPOWNLDG0001-DSIsoPos,dacPOW-DSIsoPos
dacPOW-MPowFlt_NLDG0001,deiZCIPOWNLDG0001-MPowFlt,dacPOW-MPowFlt
dacPOW-DSOper_NLDG0001,deiZCIPOWNLDG0001-DSOper,dacPOW-DSOper
dacPOW-DSCtrl_NLDG0001,deiZCIPOWNLDG0001-DSCtrl,dacPOW-DSCtrl
dacPOW-CtrlScrn_NLDG0001,deiZCIPOWNLDG0001-CtrlScrn,dacPOW-CtrlScrn
dacPOW-Maintain_NLDG0001,deiZCIPOWNLDG0001-Maintain,dacPOW-Maintain
dacPOW-Forbid_NLDG0001,deiZCIPOWNLDG0001-Forbid,dacPOW-Forbid
dacPOW-Ground_NLDG0001,deiZCIPOWNLDG0001-Ground,dacPOW-Ground
dacPOW-PowIscs_NLDG0001,deiZCIPOWNLDG0001-PowIscs,dacPOW-PowIscs
dacPOW-RightPos_NLDG0001,deiZCIPOWNLDG0001-RightPos,dacPOW-RightPos
dacPOW-ComSta_NLDG0001,deiZCIPOWNLDG0001-ComSta,dacPOW-ComSta
dacPOW-BrkVAlmR1_NKFJ0001,deiZCIPOWNKFJ0001-BrkVAlmR1,dacPOW-BrkVAlmR1
dacPOW-BrkVAlmR2_NKFJ0001,deiZCIPOWNKFJ0001-BrkVAlmR2,dacPOW-BrkVAlmR2
dacPOW-BrkVAlm1_NKFJ0001,deiZCIPOWNKFJ0001-BrkVAlm1,dacPOW-BrkVAlm1
dacPOW-BrkVAlm2_NKFJ0001,deiZCIPOWNKFJ0001-BrkVAlm2,dacPOW-BrkVAlm2
dacPOW-BrkFrmCurP_NKFJ0001,deiZCIPOWNKFJ0001-BrkFrmCurP,dacPOW-BrkFrmCurP
dacPOW-MeltFlt_NKFJ0001,deiZCIPOWNKFJ0001-MeltFlt,dacPOW-MeltFlt
dacPOW-PLCClo_NKFJ0001,deiZCIPOWNKFJ0001-PLCClo,dacPOW-PLCClo
dacPOW-NegCtrl2_NKFJ0001,deiZCIPOWNKFJ0001-NegCtrl2,dacPOW-NegCtrl2
dacPOW-FltSig_NKFJ0001,deiZCIPOWNKFJ0001-FltSig,dacPOW-FltSig
dacPOW-ComSta_NKFJ0001,deiZCIPOWNKFJ0001-ComSta,dacPOW-ComSta
dacPOW-Reserve13_NKWQ0001,deiZCIPOWNKWQ0001-Reserve13,dacPOW-Reserve13
dacPOW-OvrTrpSig_NKWQ0001,deiZCIPOWNKWQ0001-OvrTrpSig,dacPOW-OvrTrpSig
dacPOW-OvrAlmSig_NKWQ0001,deiZCIPOWNKWQ0001-OvrAlmSig,dacPOW-OvrAlmSig
dacPOW-FltAlmSig_NKWQ0001,deiZCIPOWNKWQ0001-FltAlmSig,dacPOW-FltAlmSig
dacPOW-ComSta_NKWQ0001,deiZCIPOWNKWQ0001-ComSta,dacPOW-ComSta
dacPOW-MeterComm_DDB_0007,deiZCIPOWDDB_0007-MeterComm,dacPOW-MeterComm
dacPOW-SelCBOpn_HVNK0001,deiZCIPOWHVNK0001-SelCBOpn,dacPOW-SelCBOpn
dacPOW-SelCBClo_HVNK0001,deiZCIPOWHVNK0001-SelCBClo,dacPOW-SelCBClo
dacPOW-SelCBOpn_NKNB0001,deiZCIPOWNKNB0001-SelCBOpn,dacPOW-SelCBOpn
dacPOW-SelCBClo_NKNB0001,deiZCIPOWNKNB0001-SelCBClo,dacPOW-SelCBClo
dacPOW-SelCBOpn_ZSKX0001,deiZCIPOWZSKX0001-SelCBOpn,dacPOW-SelCBOpn
dacPOW-SelCBClo_ZSKX0001,deiZCIPOWZSKX0001-SelCBClo,dacPOW-SelCBClo
dacPOW-SelCBOpn_NLDG0001,deiZCIPOWNLDG0001-SelCBOpn,dacPOW-SelCBOpn
dacPOW-SelCBClo_NLDG0001,deiZCIPOWNLDG0001-SelCBClo,dacPOW-SelCBClo
