ID,name,address,type,length,deadband,label,ELEMENT_NAME,varInvalid1,functTrans,SubscriptionPeriod,RefreshPeriod,link_object_is_from_object_type
:R:A:POLE_ZXN:FEP:PSD,PSD,,,,,,GRP_VE,,,0,0,
:R:A:POLE_ZXN:FEP:PSD:deiZXNPSDPPS_0001-DPFLTALM,deiZXNPSDPPS_0001-DPFLTALM,033/010/00001/0/000001,DEIV,4,0,&DB_1011-&DB_DIANYUANXITONG,VE,deiZXNSYSFEPPSD-COM,,,,
:R:A:POLE_ZXN:FEP:PSD:deiZXNPSDPPS_0001-CTLFLTALM,deiZXNPSDPPS_0001-CTLFLTALM,033/010/00001/1/000001,DEIV,4,0,&DB_1011-&DB_DIANYUANXITONG,VE,deiZXNSYSFEPPSD-COM,,,,
:R:A:POLE_ZXN:FEP:PSD:deiZXNPSDPPS_0001-MBUSALM,deiZXNPSDPPS_0001-MBUSALM,033/010/00001/2/000001,DEIV,4,0,&DB_1011-&DB_DIANYUANXITONG,VE,deiZXNSYSFEPPSD-COM,,,,
:R:A:POLE_ZXN:FEP:PSD:deiZXNPSDMMS_0001-FBUSALM,deiZXNPSDMMS_0001-FBUSALM,033/010/00001/3/000001,DEIV,4,0,&DB_2011-&DB_XIANCHANGZONGXIAN,VE,deiZXNSYSFEPPSD-COM,,,,
:R:A:POLE_ZXN:FEP:PSD:deiZXNPSDZPSD0001-CLOSEDR,deiZXNPSDZPSD0001-CLOSEDR,033/010/00003/0/000001,DEIV,4,0,&DB_13011-&DB_PINGBIMENXITONG,VE,deiZXNSYSFEPPSD-COM,,,,
:R:A:POLE_ZXN:FEP:PSD:deiZXNPSDZPSD0001-OPNFLT,deiZXNPSDZPSD0001-OPNFLT,033/010/00003/1/000001,DEIV,4,0,&DB_13011-&DB_PINGBIMENXITONG,VE,deiZXNSYSFEPPSD-COM,,,,
:R:A:POLE_ZXN:FEP:PSD:deiZXNPSDZPSD0001-CLOFLT,deiZXNPSDZPSD0001-CLOFLT,033/010/00003/2/000001,DEIV,4,0,&DB_13011-&DB_PINGBIMENXITONG,VE,deiZXNSYSFEPPSD-COM,,,,
:R:A:POLE_ZXN:FEP:PSD:deiZXNPSDZPSD0001-AUTOOPN,deiZXNPSDZPSD0001-AUTOOPN,033/010/00003/3/000001,DEIV,4,0,&DB_13011-&DB_PINGBIMENXITONG,VE,deiZXNSYSFEPPSD-COM,,,,
:R:A:POLE_ZXN:FEP:PSD:deiZXNPSDZPSD0001-AUTOCLO,deiZXNPSDZPSD0001-AUTOCLO,033/010/00003/4/000001,DEIV,4,0,&DB_13011-&DB_PINGBIMENXITONG,VE,deiZXNSYSFEPPSD-COM,,,,
:R:A:POLE_ZXN:FEP:PSD:deiZXNPSDZPSD0001-CTLSYSALM,deiZXNPSDZPSD0001-CTLSYSALM,033/010/00003/5/000001,DEIV,4,0,&DB_13011-&DB_PINGBIMENXITONG,VE,deiZXNSYSFEPPSD-COM,,,,
:R:A:POLE_ZXN:FEP:PSD:deiZXNPSDZPSD0001-SITEFLT,deiZXNPSDZPSD0001-SITEFLT,033/010/00003/6/000001,DEIV,4,0,&DB_13011-&DB_PINGBIMENXITONG,VE,deiZXNSYSFEPPSD-COM,,,,
:R:A:POLE_ZXN:FEP:PSD:deiZXNPSDMSD_0001-SITEALM,deiZXNPSDMSD_0001-SITEALM,033/010/00005/0/000001,DEIV,4,0,&DB_14011-&DB_ZHANTAIDUANMEN,VE,deiZXNSYSFEPPSD-COM,,,,
:R:A:POLE_ZXN:FEP:PSD:deiZXNPSDMSD_0001-SITEOT,deiZXNPSDMSD_0001-SITEOT,033/010/00005/1/000001,DEIV,4,0,&DB_14011-&DB_ZHANTAIDUANMEN,VE,deiZXNSYSFEPPSD-COM,,,,
:R:A:POLE_ZXN:FEP:PSD:deiZXNPSDMSD_0002-SITEALM,deiZXNPSDMSD_0002-SITEALM,033/010/00005/2/000001,DEIV,4,0,&DB_14021-&DB_ZHANTAIDUANMEN,VE,deiZXNSYSFEPPSD-COM,,,,
:R:A:POLE_ZXN:FEP:PSD:deiZXNPSDMSD_0002-SITEOT,deiZXNPSDMSD_0002-SITEOT,033/010/00005/3/000001,DEIV,4,0,&DB_14021-&DB_ZHANTAIDUANMEN,VE,deiZXNSYSFEPPSD-COM,,,,
:R:A:POLE_ZXN:FEP:PSD:deiZXNPSDPSL_0001-PSLALM,deiZXNPSDPSL_0001-PSLALM,033/010/00005/4/000001,DEIV,4,0,&DB_15011-&DB_JIUDIKONGZHIPAN,VE,deiZXNSYSFEPPSD-COM,,,,
:R:A:POLE_ZXN:FEP:PSD:deiZXNPSDPSL_0001-LCOPALOW,deiZXNPSDPSL_0001-LCOPALOW,033/010/00005/5/000001,DEIV,4,0,&DB_15011-&DB_JIUDIKONGZHIPAN,VE,deiZXNSYSFEPPSD-COM,,,,
:R:A:POLE_ZXN:FEP:PSD:deiZXNPSDPSL_0001-OPNCOMD,deiZXNPSDPSL_0001-OPNCOMD,033/010/00005/6/000001,DEIV,4,0,&DB_15011-&DB_JIUDIKONGZHIPAN,VE,deiZXNSYSFEPPSD-COM,,,,
:R:A:POLE_ZXN:FEP:PSD:deiZXNPSDPSL_0001-CLOCOMD,deiZXNPSDPSL_0001-CLOCOMD,033/010/00005/7/000001,DEIV,4,0,&DB_15011-&DB_JIUDIKONGZHIPAN,VE,deiZXNSYSFEPPSD-COM,,,,
:R:A:POLE_ZXN:FEP:PSD:deiZXNPSDZEED0001-EDOPNALM,deiZXNPSDZEED0001-EDOPNALM,033/010/00007/0/000001,DEIV,4,0,&DB_16011-&DB_YINGJIMEN,VE,deiZXNSYSFEPPSD-COM,,,,
:R:A:POLE_ZXN:FEP:PSD:deiZXNPSDZEED0002-EDOPNALM,deiZXNPSDZEED0002-EDOPNALM,033/010/00007/1/000001,DEIV,4,0,&DB_16021-&DB_YINGJIMEN,VE,deiZXNSYSFEPPSD-COM,,,,
:R:A:POLE_ZXN:FEP:PSD:deiZXNPSDZEED0003-EDOPNALM,deiZXNPSDZEED0003-EDOPNALM,033/010/00007/2/000001,DEIV,4,0,&DB_16031-&DB_YINGJIMEN,VE,deiZXNSYSFEPPSD-COM,,,,
:R:A:POLE_ZXN:FEP:PSD:deiZXNPSDZEED0004-EDOPNALM,deiZXNPSDZEED0004-EDOPNALM,033/010/00007/3/000001,DEIV,4,0,&DB_16041-&DB_YINGJIMEN,VE,deiZXNSYSFEPPSD-COM,,,,
:R:A:POLE_ZXN:FEP:PSD:deiZXNPSDZEED0005-EDOPNALM,deiZXNPSDZEED0005-EDOPNALM,033/010/00007/4/000001,DEIV,4,0,&DB_16051-&DB_YINGJIMEN,VE,deiZXNSYSFEPPSD-COM,,,,
:R:A:POLE_ZXN:FEP:PSD:deiZXNPSDZEED0006-EDOPNALM,deiZXNPSDZEED0006-EDOPNALM,033/010/00007/5/000001,DEIV,4,0,&DB_16061-&DB_YINGJIMEN,VE,deiZXNSYSFEPPSD-COM,,,,
:R:A:POLE_ZXN:FEP:PSD:deiZXNPSDZIBP0001-ECTLALLOW,deiZXNPSDZIBP0001-ECTLALLOW,033/010/00009/0/000001,DEIV,4,0,&DB_17021-&DB_ZONGHEHOUBEIPAN,VE,deiZXNSYSFEPPSD-COM,,,,
:R:A:POLE_ZXN:FEP:PSD:deiZXNPSDZIBP0001-IBPOPNCMD,deiZXNPSDZIBP0001-IBPOPNCMD,033/010/00009/1/000001,DEIV,4,0,&DB_17021-&DB_ZONGHEHOUBEIPAN,VE,deiZXNSYSFEPPSD-COM,,,,
:R:A:POLE_ZXN:FEP:PSD:deiZXNPSDZIBP0001-IBPCLOCMD,deiZXNPSDZIBP0001-IBPCLOCMD,033/010/00009/2/000001,DEIV,4,0,&DB_17021-&DB_ZONGHEHOUBEIPAN,VE,deiZXNSYSFEPPSD-COM,,,,
:R:A:POLE_ZXN:FEP:PSD:deiZXNPSDZIBP0001-IBPOPNSCMD,deiZXNPSDZIBP0001-IBPOPNSCMD,033/010/00009/3/000001,DEIV,4,0,&DB_17021-&DB_ZONGHEHOUBEIPAN,VE,deiZXNSYSFEPPSD-COM,,,,
:R:A:POLE_ZXN:FEP:PSD:deiZXNPSDZLSR0001-LDETFLT,deiZXNPSDZLSR0001-LDETFLT,033/010/00009/4/000001,DEIV,4,0,&DB_17031-&DB_JIGUANGTANCEQI,VE,deiZXNSYSFEPPSD-COM,,,,
:R:A:POLE_ZXN:FEP:PSD:deiZXNPSDZLSR0001-LDETALM,deiZXNPSDZLSR0001-LDETALM,033/010/00009/5/000001,DEIV,4,0,&DB_17031-&DB_JIGUANGTANCEQI,VE,deiZXNSYSFEPPSD-COM,,,,
:R:A:POLE_ZXN:FEP:PSD:deiZXNPSDZASD0001-SLDCLOSTA,deiZXNPSDZASD0001-SLDCLOSTA,033/010/00017/0/000001,DEIV,4,0,&DB_18011-&DB_HUADONGMEN,VE,deiZXNSYSFEPPSD-COM,,,,
:R:A:POLE_ZXN:FEP:PSD:deiZXNPSDZASD0001-SLDOPNSTA,deiZXNPSDZASD0001-SLDOPNSTA,033/010/00017/1/000001,DEIV,4,0,&DB_18011-&DB_HUADONGMEN,VE,deiZXNSYSFEPPSD-COM,,,,
:R:A:POLE_ZXN:FEP:PSD:deiZXNPSDZASD0001-GATEALM,deiZXNPSDZASD0001-GATEALM,033/010/00017/2/000001,DEIV,4,0,&DB_18011-&DB_HUADONGMEN,VE,deiZXNSYSFEPPSD-COM,,,,
:R:A:POLE_ZXN:FEP:PSD:deiZXNPSDZASD0001-MOTORALM,deiZXNPSDZASD0001-MOTORALM,033/010/00017/3/000001,DEIV,4,0,&DB_18011-&DB_HUADONGMEN,VE,deiZXNSYSFEPPSD-COM,,,,
:R:A:POLE_ZXN:FEP:PSD:deiZXNPSDZASD0001-ISOSTA,deiZXNPSDZASD0001-ISOSTA,033/010/00017/4/000001,DEIV,4,0,&DB_18011-&DB_HUADONGMEN,VE,deiZXNSYSFEPPSD-COM,,,,
:R:A:POLE_ZXN:FEP:PSD:deiZXNPSDZASD0001-MANUSTA,deiZXNPSDZASD0001-MANUSTA,033/010/00017/5/000001,DEIV,4,0,&DB_18011-&DB_HUADONGMEN,VE,deiZXNSYSFEPPSD-COM,,,,
:R:A:POLE_ZXN:FEP:PSD:deiZXNPSDZASD0001-AUTOSTA,deiZXNPSDZASD0001-AUTOSTA,033/010/00017/6/000001,DEIV,4,0,&DB_18011-&DB_HUADONGMEN,VE,deiZXNSYSFEPPSD-COM,,,,
:R:A:POLE_ZXN:FEP:PSD:deiZXNPSDZASD0001-LLLSALM,deiZXNPSDZASD0001-LLLSALM,033/010/00017/7/000001,DEIV,4,0,&DB_18011-&DB_HUADONGMEN,VE,deiZXNSYSFEPPSD-COM,,,,
:R:A:POLE_ZXN:FEP:PSD:deiZXNPSDZASD0002-SLDCLOSTA,deiZXNPSDZASD0002-SLDCLOSTA,033/010/00019/0/000001,DEIV,4,0,&DB_18021-&DB_HUADONGMEN,VE,deiZXNSYSFEPPSD-COM,,,,
:R:A:POLE_ZXN:FEP:PSD:deiZXNPSDZASD0002-SLDOPNSTA,deiZXNPSDZASD0002-SLDOPNSTA,033/010/00019/1/000001,DEIV,4,0,&DB_18021-&DB_HUADONGMEN,VE,deiZXNSYSFEPPSD-COM,,,,
:R:A:POLE_ZXN:FEP:PSD:deiZXNPSDZASD0002-GATEALM,deiZXNPSDZASD0002-GATEALM,033/010/00019/2/000001,DEIV,4,0,&DB_18021-&DB_HUADONGMEN,VE,deiZXNSYSFEPPSD-COM,,,,
:R:A:POLE_ZXN:FEP:PSD:deiZXNPSDZASD0002-MOTORALM,deiZXNPSDZASD0002-MOTORALM,033/010/00019/3/000001,DEIV,4,0,&DB_18021-&DB_HUADONGMEN,VE,deiZXNSYSFEPPSD-COM,,,,
:R:A:POLE_ZXN:FEP:PSD:deiZXNPSDZASD0002-ISOSTA,deiZXNPSDZASD0002-ISOSTA,033/010/00019/4/000001,DEIV,4,0,&DB_18021-&DB_HUADONGMEN,VE,deiZXNSYSFEPPSD-COM,,,,
:R:A:POLE_ZXN:FEP:PSD:deiZXNPSDZASD0002-MANUSTA,deiZXNPSDZASD0002-MANUSTA,033/010/00019/5/000001,DEIV,4,0,&DB_18021-&DB_HUADONGMEN,VE,deiZXNSYSFEPPSD-COM,,,,
:R:A:POLE_ZXN:FEP:PSD:deiZXNPSDZASD0002-AUTOSTA,deiZXNPSDZASD0002-AUTOSTA,033/010/00019/6/000001,DEIV,4,0,&DB_18021-&DB_HUADONGMEN,VE,deiZXNSYSFEPPSD-COM,,,,
:R:A:POLE_ZXN:FEP:PSD:deiZXNPSDZASD0002-LLLSALM,deiZXNPSDZASD0002-LLLSALM,033/010/00019/7/000001,DEIV,4,0,&DB_18021-&DB_HUADONGMEN,VE,deiZXNSYSFEPPSD-COM,,,,
:R:A:POLE_ZXN:FEP:PSD:deiZXNPSDZASD0003-SLDCLOSTA,deiZXNPSDZASD0003-SLDCLOSTA,033/010/00021/0/000001,DEIV,4,0,&DB_18031-&DB_HUADONGMEN,VE,deiZXNSYSFEPPSD-COM,,,,
:R:A:POLE_ZXN:FEP:PSD:deiZXNPSDZASD0003-SLDOPNSTA,deiZXNPSDZASD0003-SLDOPNSTA,033/010/00021/1/000001,DEIV,4,0,&DB_18031-&DB_HUADONGMEN,VE,deiZXNSYSFEPPSD-COM,,,,
:R:A:POLE_ZXN:FEP:PSD:deiZXNPSDZASD0003-GATEALM,deiZXNPSDZASD0003-GATEALM,033/010/00021/2/000001,DEIV,4,0,&DB_18031-&DB_HUADONGMEN,VE,deiZXNSYSFEPPSD-COM,,,,
:R:A:POLE_ZXN:FEP:PSD:deiZXNPSDZASD0003-MOTORALM,deiZXNPSDZASD0003-MOTORALM,033/010/00021/3/000001,DEIV,4,0,&DB_18031-&DB_HUADONGMEN,VE,deiZXNSYSFEPPSD-COM,,,,
:R:A:POLE_ZXN:FEP:PSD:deiZXNPSDZASD0003-ISOSTA,deiZXNPSDZASD0003-ISOSTA,033/010/00021/4/000001,DEIV,4,0,&DB_18031-&DB_HUADONGMEN,VE,deiZXNSYSFEPPSD-COM,,,,
:R:A:POLE_ZXN:FEP:PSD:deiZXNPSDZASD0003-MANUSTA,deiZXNPSDZASD0003-MANUSTA,033/010/00021/5/000001,DEIV,4,0,&DB_18031-&DB_HUADONGMEN,VE,deiZXNSYSFEPPSD-COM,,,,
:R:A:POLE_ZXN:FEP:PSD:deiZXNPSDZASD0003-AUTOSTA,deiZXNPSDZASD0003-AUTOSTA,033/010/00021/6/000001,DEIV,4,0,&DB_18031-&DB_HUADONGMEN,VE,deiZXNSYSFEPPSD-COM,,,,
:R:A:POLE_ZXN:FEP:PSD:deiZXNPSDZASD0003-LLLSALM,deiZXNPSDZASD0003-LLLSALM,033/010/00021/7/000001,DEIV,4,0,&DB_18031-&DB_HUADONGMEN,VE,deiZXNSYSFEPPSD-COM,,,,
:R:A:POLE_ZXN:FEP:PSD:deiZXNPSDZASD0004-SLDCLOSTA,deiZXNPSDZASD0004-SLDCLOSTA,033/010/00023/0/000001,DEIV,4,0,&DB_18041-&DB_HUADONGMEN,VE,deiZXNSYSFEPPSD-COM,,,,
:R:A:POLE_ZXN:FEP:PSD:deiZXNPSDZASD0004-SLDOPNSTA,deiZXNPSDZASD0004-SLDOPNSTA,033/010/00023/1/000001,DEIV,4,0,&DB_18041-&DB_HUADONGMEN,VE,deiZXNSYSFEPPSD-COM,,,,
:R:A:POLE_ZXN:FEP:PSD:deiZXNPSDZASD0004-GATEALM,deiZXNPSDZASD0004-GATEALM,033/010/00023/2/000001,DEIV,4,0,&DB_18041-&DB_HUADONGMEN,VE,deiZXNSYSFEPPSD-COM,,,,
:R:A:POLE_ZXN:FEP:PSD:deiZXNPSDZASD0004-MOTORALM,deiZXNPSDZASD0004-MOTORALM,033/010/00023/3/000001,DEIV,4,0,&DB_18041-&DB_HUADONGMEN,VE,deiZXNSYSFEPPSD-COM,,,,
:R:A:POLE_ZXN:FEP:PSD:deiZXNPSDZASD0004-ISOSTA,deiZXNPSDZASD0004-ISOSTA,033/010/00023/4/000001,DEIV,4,0,&DB_18041-&DB_HUADONGMEN,VE,deiZXNSYSFEPPSD-COM,,,,
:R:A:POLE_ZXN:FEP:PSD:deiZXNPSDZASD0004-MANUSTA,deiZXNPSDZASD0004-MANUSTA,033/010/00023/5/000001,DEIV,4,0,&DB_18041-&DB_HUADONGMEN,VE,deiZXNSYSFEPPSD-COM,,,,
:R:A:POLE_ZXN:FEP:PSD:deiZXNPSDZASD0004-AUTOSTA,deiZXNPSDZASD0004-AUTOSTA,033/010/00023/6/000001,DEIV,4,0,&DB_18041-&DB_HUADONGMEN,VE,deiZXNSYSFEPPSD-COM,,,,
:R:A:POLE_ZXN:FEP:PSD:deiZXNPSDZASD0004-LLLSALM,deiZXNPSDZASD0004-LLLSALM,033/010/00023/7/000001,DEIV,4,0,&DB_18041-&DB_HUADONGMEN,VE,deiZXNSYSFEPPSD-COM,,,,
:R:A:POLE_ZXN:FEP:PSD:deiZXNPSDZASD0005-SLDCLOSTA,deiZXNPSDZASD0005-SLDCLOSTA,033/010/00025/0/000001,DEIV,4,0,&DB_18051-&DB_HUADONGMEN,VE,deiZXNSYSFEPPSD-COM,,,,
:R:A:POLE_ZXN:FEP:PSD:deiZXNPSDZASD0005-SLDOPNSTA,deiZXNPSDZASD0005-SLDOPNSTA,033/010/00025/1/000001,DEIV,4,0,&DB_18051-&DB_HUADONGMEN,VE,deiZXNSYSFEPPSD-COM,,,,
:R:A:POLE_ZXN:FEP:PSD:deiZXNPSDZASD0005-GATEALM,deiZXNPSDZASD0005-GATEALM,033/010/00025/2/000001,DEIV,4,0,&DB_18051-&DB_HUADONGMEN,VE,deiZXNSYSFEPPSD-COM,,,,
:R:A:POLE_ZXN:FEP:PSD:deiZXNPSDZASD0005-MOTORALM,deiZXNPSDZASD0005-MOTORALM,033/010/00025/3/000001,DEIV,4,0,&DB_18051-&DB_HUADONGMEN,VE,deiZXNSYSFEPPSD-COM,,,,
:R:A:POLE_ZXN:FEP:PSD:deiZXNPSDZASD0005-ISOSTA,deiZXNPSDZASD0005-ISOSTA,033/010/00025/4/000001,DEIV,4,0,&DB_18051-&DB_HUADONGMEN,VE,deiZXNSYSFEPPSD-COM,,,,
:R:A:POLE_ZXN:FEP:PSD:deiZXNPSDZASD0005-MANUSTA,deiZXNPSDZASD0005-MANUSTA,033/010/00025/5/000001,DEIV,4,0,&DB_18051-&DB_HUADONGMEN,VE,deiZXNSYSFEPPSD-COM,,,,
:R:A:POLE_ZXN:FEP:PSD:deiZXNPSDZASD0005-AUTOSTA,deiZXNPSDZASD0005-AUTOSTA,033/010/00025/6/000001,DEIV,4,0,&DB_18051-&DB_HUADONGMEN,VE,deiZXNSYSFEPPSD-COM,,,,
:R:A:POLE_ZXN:FEP:PSD:deiZXNPSDZASD0005-LLLSALM,deiZXNPSDZASD0005-LLLSALM,033/010/00025/7/000001,DEIV,4,0,&DB_18051-&DB_HUADONGMEN,VE,deiZXNSYSFEPPSD-COM,,,,
:R:A:POLE_ZXN:FEP:PSD:deiZXNPSDZASD0006-SLDCLOSTA,deiZXNPSDZASD0006-SLDCLOSTA,033/010/00027/0/000001,DEIV,4,0,&DB_18061-&DB_HUADONGMEN,VE,deiZXNSYSFEPPSD-COM,,,,
:R:A:POLE_ZXN:FEP:PSD:deiZXNPSDZASD0006-SLDOPNSTA,deiZXNPSDZASD0006-SLDOPNSTA,033/010/00027/1/000001,DEIV,4,0,&DB_18061-&DB_HUADONGMEN,VE,deiZXNSYSFEPPSD-COM,,,,
:R:A:POLE_ZXN:FEP:PSD:deiZXNPSDZASD0006-GATEALM,deiZXNPSDZASD0006-GATEALM,033/010/00027/2/000001,DEIV,4,0,&DB_18061-&DB_HUADONGMEN,VE,deiZXNSYSFEPPSD-COM,,,,
:R:A:POLE_ZXN:FEP:PSD:deiZXNPSDZASD0006-MOTORALM,deiZXNPSDZASD0006-MOTORALM,033/010/00027/3/000001,DEIV,4,0,&DB_18061-&DB_HUADONGMEN,VE,deiZXNSYSFEPPSD-COM,,,,
:R:A:POLE_ZXN:FEP:PSD:deiZXNPSDZASD0006-ISOSTA,deiZXNPSDZASD0006-ISOSTA,033/010/00027/4/000001,DEIV,4,0,&DB_18061-&DB_HUADONGMEN,VE,deiZXNSYSFEPPSD-COM,,,,
:R:A:POLE_ZXN:FEP:PSD:deiZXNPSDZASD0006-MANUSTA,deiZXNPSDZASD0006-MANUSTA,033/010/00027/5/000001,DEIV,4,0,&DB_18061-&DB_HUADONGMEN,VE,deiZXNSYSFEPPSD-COM,,,,
:R:A:POLE_ZXN:FEP:PSD:deiZXNPSDZASD0006-AUTOSTA,deiZXNPSDZASD0006-AUTOSTA,033/010/00027/6/000001,DEIV,4,0,&DB_18061-&DB_HUADONGMEN,VE,deiZXNSYSFEPPSD-COM,,,,
:R:A:POLE_ZXN:FEP:PSD:deiZXNPSDZASD0006-LLLSALM,deiZXNPSDZASD0006-LLLSALM,033/010/00027/7/000001,DEIV,4,0,&DB_18061-&DB_HUADONGMEN,VE,deiZXNSYSFEPPSD-COM,,,,
:R:A:POLE_ZXN:FEP:PSD:deiZXNPSDZASD0007-SLDCLOSTA,deiZXNPSDZASD0007-SLDCLOSTA,033/010/00029/0/000001,DEIV,4,0,&DB_18071-&DB_HUADONGMEN,VE,deiZXNSYSFEPPSD-COM,,,,
:R:A:POLE_ZXN:FEP:PSD:deiZXNPSDZASD0007-SLDOPNSTA,deiZXNPSDZASD0007-SLDOPNSTA,033/010/00029/1/000001,DEIV,4,0,&DB_18071-&DB_HUADONGMEN,VE,deiZXNSYSFEPPSD-COM,,,,
:R:A:POLE_ZXN:FEP:PSD:deiZXNPSDZASD0007-GATEALM,deiZXNPSDZASD0007-GATEALM,033/010/00029/2/000001,DEIV,4,0,&DB_18071-&DB_HUADONGMEN,VE,deiZXNSYSFEPPSD-COM,,,,
:R:A:POLE_ZXN:FEP:PSD:deiZXNPSDZASD0007-MOTORALM,deiZXNPSDZASD0007-MOTORALM,033/010/00029/3/000001,DEIV,4,0,&DB_18071-&DB_HUADONGMEN,VE,deiZXNSYSFEPPSD-COM,,,,
:R:A:POLE_ZXN:FEP:PSD:deiZXNPSDZASD0007-ISOSTA,deiZXNPSDZASD0007-ISOSTA,033/010/00029/4/000001,DEIV,4,0,&DB_18071-&DB_HUADONGMEN,VE,deiZXNSYSFEPPSD-COM,,,,
:R:A:POLE_ZXN:FEP:PSD:deiZXNPSDZASD0007-MANUSTA,deiZXNPSDZASD0007-MANUSTA,033/010/00029/5/000001,DEIV,4,0,&DB_18071-&DB_HUADONGMEN,VE,deiZXNSYSFEPPSD-COM,,,,
:R:A:POLE_ZXN:FEP:PSD:deiZXNPSDZASD0007-AUTOSTA,deiZXNPSDZASD0007-AUTOSTA,033/010/00029/6/000001,DEIV,4,0,&DB_18071-&DB_HUADONGMEN,VE,deiZXNSYSFEPPSD-COM,,,,
:R:A:POLE_ZXN:FEP:PSD:deiZXNPSDZASD0007-LLLSALM,deiZXNPSDZASD0007-LLLSALM,033/010/00029/7/000001,DEIV,4,0,&DB_18071-&DB_HUADONGMEN,VE,deiZXNSYSFEPPSD-COM,,,,
:R:A:POLE_ZXN:FEP:PSD:deiZXNPSDZASD0008-SLDCLOSTA,deiZXNPSDZASD0008-SLDCLOSTA,033/010/00031/0/000001,DEIV,4,0,&DB_18081-&DB_HUADONGMEN,VE,deiZXNSYSFEPPSD-COM,,,,
:R:A:POLE_ZXN:FEP:PSD:deiZXNPSDZASD0008-SLDOPNSTA,deiZXNPSDZASD0008-SLDOPNSTA,033/010/00031/1/000001,DEIV,4,0,&DB_18081-&DB_HUADONGMEN,VE,deiZXNSYSFEPPSD-COM,,,,
:R:A:POLE_ZXN:FEP:PSD:deiZXNPSDZASD0008-GATEALM,deiZXNPSDZASD0008-GATEALM,033/010/00031/2/000001,DEIV,4,0,&DB_18081-&DB_HUADONGMEN,VE,deiZXNSYSFEPPSD-COM,,,,
:R:A:POLE_ZXN:FEP:PSD:deiZXNPSDZASD0008-MOTORALM,deiZXNPSDZASD0008-MOTORALM,033/010/00031/3/000001,DEIV,4,0,&DB_18081-&DB_HUADONGMEN,VE,deiZXNSYSFEPPSD-COM,,,,
:R:A:POLE_ZXN:FEP:PSD:deiZXNPSDZASD0008-ISOSTA,deiZXNPSDZASD0008-ISOSTA,033/010/00031/4/000001,DEIV,4,0,&DB_18081-&DB_HUADONGMEN,VE,deiZXNSYSFEPPSD-COM,,,,
:R:A:POLE_ZXN:FEP:PSD:deiZXNPSDZASD0008-MANUSTA,deiZXNPSDZASD0008-MANUSTA,033/010/00031/5/000001,DEIV,4,0,&DB_18081-&DB_HUADONGMEN,VE,deiZXNSYSFEPPSD-COM,,,,
:R:A:POLE_ZXN:FEP:PSD:deiZXNPSDZASD0008-AUTOSTA,deiZXNPSDZASD0008-AUTOSTA,033/010/00031/6/000001,DEIV,4,0,&DB_18081-&DB_HUADONGMEN,VE,deiZXNSYSFEPPSD-COM,,,,
:R:A:POLE_ZXN:FEP:PSD:deiZXNPSDZASD0008-LLLSALM,deiZXNPSDZASD0008-LLLSALM,033/010/00031/7/000001,DEIV,4,0,&DB_18081-&DB_HUADONGMEN,VE,deiZXNSYSFEPPSD-COM,,,,
:R:A:POLE_ZXN:FEP:PSD:deiZXNPSDZASD0009-SLDCLOSTA,deiZXNPSDZASD0009-SLDCLOSTA,033/010/00033/0/000001,DEIV,4,0,&DB_18091-&DB_HUADONGMEN,VE,deiZXNSYSFEPPSD-COM,,,,
:R:A:POLE_ZXN:FEP:PSD:deiZXNPSDZASD0009-SLDOPNSTA,deiZXNPSDZASD0009-SLDOPNSTA,033/010/00033/1/000001,DEIV,4,0,&DB_18091-&DB_HUADONGMEN,VE,deiZXNSYSFEPPSD-COM,,,,
:R:A:POLE_ZXN:FEP:PSD:deiZXNPSDZASD0009-GATEALM,deiZXNPSDZASD0009-GATEALM,033/010/00033/2/000001,DEIV,4,0,&DB_18091-&DB_HUADONGMEN,VE,deiZXNSYSFEPPSD-COM,,,,
:R:A:POLE_ZXN:FEP:PSD:deiZXNPSDZASD0009-MOTORALM,deiZXNPSDZASD0009-MOTORALM,033/010/00033/3/000001,DEIV,4,0,&DB_18091-&DB_HUADONGMEN,VE,deiZXNSYSFEPPSD-COM,,,,
:R:A:POLE_ZXN:FEP:PSD:deiZXNPSDZASD0009-ISOSTA,deiZXNPSDZASD0009-ISOSTA,033/010/00033/4/000001,DEIV,4,0,&DB_18091-&DB_HUADONGMEN,VE,deiZXNSYSFEPPSD-COM,,,,
:R:A:POLE_ZXN:FEP:PSD:deiZXNPSDZASD0009-MANUSTA,deiZXNPSDZASD0009-MANUSTA,033/010/00033/5/000001,DEIV,4,0,&DB_18091-&DB_HUADONGMEN,VE,deiZXNSYSFEPPSD-COM,,,,
:R:A:POLE_ZXN:FEP:PSD:deiZXNPSDZASD0009-AUTOSTA,deiZXNPSDZASD0009-AUTOSTA,033/010/00033/6/000001,DEIV,4,0,&DB_18091-&DB_HUADONGMEN,VE,deiZXNSYSFEPPSD-COM,,,,
:R:A:POLE_ZXN:FEP:PSD:deiZXNPSDZASD0009-LLLSALM,deiZXNPSDZASD0009-LLLSALM,033/010/00033/7/000001,DEIV,4,0,&DB_18091-&DB_HUADONGMEN,VE,deiZXNSYSFEPPSD-COM,,,,
:R:A:POLE_ZXN:FEP:PSD:deiZXNPSDZASD0010-SLDCLOSTA,deiZXNPSDZASD0010-SLDCLOSTA,033/010/00035/0/000001,DEIV,4,0,&DB_18101-&DB_HUADONGMEN,VE,deiZXNSYSFEPPSD-COM,,,,
:R:A:POLE_ZXN:FEP:PSD:deiZXNPSDZASD0010-SLDOPNSTA,deiZXNPSDZASD0010-SLDOPNSTA,033/010/00035/1/000001,DEIV,4,0,&DB_18101-&DB_HUADONGMEN,VE,deiZXNSYSFEPPSD-COM,,,,
:R:A:POLE_ZXN:FEP:PSD:deiZXNPSDZASD0010-GATEALM,deiZXNPSDZASD0010-GATEALM,033/010/00035/2/000001,DEIV,4,0,&DB_18101-&DB_HUADONGMEN,VE,deiZXNSYSFEPPSD-COM,,,,
:R:A:POLE_ZXN:FEP:PSD:deiZXNPSDZASD0010-MOTORALM,deiZXNPSDZASD0010-MOTORALM,033/010/00035/3/000001,DEIV,4,0,&DB_18101-&DB_HUADONGMEN,VE,deiZXNSYSFEPPSD-COM,,,,
:R:A:POLE_ZXN:FEP:PSD:deiZXNPSDZASD0010-ISOSTA,deiZXNPSDZASD0010-ISOSTA,033/010/00035/4/000001,DEIV,4,0,&DB_18101-&DB_HUADONGMEN,VE,deiZXNSYSFEPPSD-COM,,,,
:R:A:POLE_ZXN:FEP:PSD:deiZXNPSDZASD0010-MANUSTA,deiZXNPSDZASD0010-MANUSTA,033/010/00035/5/000001,DEIV,4,0,&DB_18101-&DB_HUADONGMEN,VE,deiZXNSYSFEPPSD-COM,,,,
:R:A:POLE_ZXN:FEP:PSD:deiZXNPSDZASD0010-AUTOSTA,deiZXNPSDZASD0010-AUTOSTA,033/010/00035/6/000001,DEIV,4,0,&DB_18101-&DB_HUADONGMEN,VE,deiZXNSYSFEPPSD-COM,,,,
:R:A:POLE_ZXN:FEP:PSD:deiZXNPSDZASD0010-LLLSALM,deiZXNPSDZASD0010-LLLSALM,033/010/00035/7/000001,DEIV,4,0,&DB_18101-&DB_HUADONGMEN,VE,deiZXNSYSFEPPSD-COM,,,,
:R:A:POLE_ZXN:FEP:PSD:deiZXNPSDZASD0011-SLDCLOSTA,deiZXNPSDZASD0011-SLDCLOSTA,033/010/00037/0/000001,DEIV,4,0,&DB_18111-&DB_HUADONGMEN,VE,deiZXNSYSFEPPSD-COM,,,,
:R:A:POLE_ZXN:FEP:PSD:deiZXNPSDZASD0011-SLDOPNSTA,deiZXNPSDZASD0011-SLDOPNSTA,033/010/00037/1/000001,DEIV,4,0,&DB_18111-&DB_HUADONGMEN,VE,deiZXNSYSFEPPSD-COM,,,,
:R:A:POLE_ZXN:FEP:PSD:deiZXNPSDZASD0011-GATEALM,deiZXNPSDZASD0011-GATEALM,033/010/00037/2/000001,DEIV,4,0,&DB_18111-&DB_HUADONGMEN,VE,deiZXNSYSFEPPSD-COM,,,,
:R:A:POLE_ZXN:FEP:PSD:deiZXNPSDZASD0011-MOTORALM,deiZXNPSDZASD0011-MOTORALM,033/010/00037/3/000001,DEIV,4,0,&DB_18111-&DB_HUADONGMEN,VE,deiZXNSYSFEPPSD-COM,,,,
:R:A:POLE_ZXN:FEP:PSD:deiZXNPSDZASD0011-ISOSTA,deiZXNPSDZASD0011-ISOSTA,033/010/00037/4/000001,DEIV,4,0,&DB_18111-&DB_HUADONGMEN,VE,deiZXNSYSFEPPSD-COM,,,,
:R:A:POLE_ZXN:FEP:PSD:deiZXNPSDZASD0011-MANUSTA,deiZXNPSDZASD0011-MANUSTA,033/010/00037/5/000001,DEIV,4,0,&DB_18111-&DB_HUADONGMEN,VE,deiZXNSYSFEPPSD-COM,,,,
:R:A:POLE_ZXN:FEP:PSD:deiZXNPSDZASD0011-AUTOSTA,deiZXNPSDZASD0011-AUTOSTA,033/010/00037/6/000001,DEIV,4,0,&DB_18111-&DB_HUADONGMEN,VE,deiZXNSYSFEPPSD-COM,,,,
:R:A:POLE_ZXN:FEP:PSD:deiZXNPSDZASD0011-LLLSALM,deiZXNPSDZASD0011-LLLSALM,033/010/00037/7/000001,DEIV,4,0,&DB_18111-&DB_HUADONGMEN,VE,deiZXNSYSFEPPSD-COM,,,,
:R:A:POLE_ZXN:FEP:PSD:deiZXNPSDZASD0012-SLDCLOSTA,deiZXNPSDZASD0012-SLDCLOSTA,033/010/00039/0/000001,DEIV,4,0,&DB_18121-&DB_HUADONGMEN,VE,deiZXNSYSFEPPSD-COM,,,,
:R:A:POLE_ZXN:FEP:PSD:deiZXNPSDZASD0012-SLDOPNSTA,deiZXNPSDZASD0012-SLDOPNSTA,033/010/00039/1/000001,DEIV,4,0,&DB_18121-&DB_HUADONGMEN,VE,deiZXNSYSFEPPSD-COM,,,,
:R:A:POLE_ZXN:FEP:PSD:deiZXNPSDZASD0012-GATEALM,deiZXNPSDZASD0012-GATEALM,033/010/00039/2/000001,DEIV,4,0,&DB_18121-&DB_HUADONGMEN,VE,deiZXNSYSFEPPSD-COM,,,,
:R:A:POLE_ZXN:FEP:PSD:deiZXNPSDZASD0012-MOTORALM,deiZXNPSDZASD0012-MOTORALM,033/010/00039/3/000001,DEIV,4,0,&DB_18121-&DB_HUADONGMEN,VE,deiZXNSYSFEPPSD-COM,,,,
:R:A:POLE_ZXN:FEP:PSD:deiZXNPSDZASD0012-ISOSTA,deiZXNPSDZASD0012-ISOSTA,033/010/00039/4/000001,DEIV,4,0,&DB_18121-&DB_HUADONGMEN,VE,deiZXNSYSFEPPSD-COM,,,,
:R:A:POLE_ZXN:FEP:PSD:deiZXNPSDZASD0012-MANUSTA,deiZXNPSDZASD0012-MANUSTA,033/010/00039/5/000001,DEIV,4,0,&DB_18121-&DB_HUADONGMEN,VE,deiZXNSYSFEPPSD-COM,,,,
:R:A:POLE_ZXN:FEP:PSD:deiZXNPSDZASD0012-AUTOSTA,deiZXNPSDZASD0012-AUTOSTA,033/010/00039/6/000001,DEIV,4,0,&DB_18121-&DB_HUADONGMEN,VE,deiZXNSYSFEPPSD-COM,,,,
:R:A:POLE_ZXN:FEP:PSD:deiZXNPSDZASD0012-LLLSALM,deiZXNPSDZASD0012-LLLSALM,033/010/00039/7/000001,DEIV,4,0,&DB_18121-&DB_HUADONGMEN,VE,deiZXNSYSFEPPSD-COM,,,,
:R:A:POLE_ZXN:FEP:PSD:deiZXNPSDZASD0013-SLDCLOSTA,deiZXNPSDZASD0013-SLDCLOSTA,033/010/00041/0/000001,DEIV,4,0,&DB_18131-&DB_HUADONGMEN,VE,deiZXNSYSFEPPSD-COM,,,,
:R:A:POLE_ZXN:FEP:PSD:deiZXNPSDZASD0013-SLDOPNSTA,deiZXNPSDZASD0013-SLDOPNSTA,033/010/00041/1/000001,DEIV,4,0,&DB_18131-&DB_HUADONGMEN,VE,deiZXNSYSFEPPSD-COM,,,,
:R:A:POLE_ZXN:FEP:PSD:deiZXNPSDZASD0013-GATEALM,deiZXNPSDZASD0013-GATEALM,033/010/00041/2/000001,DEIV,4,0,&DB_18131-&DB_HUADONGMEN,VE,deiZXNSYSFEPPSD-COM,,,,
:R:A:POLE_ZXN:FEP:PSD:deiZXNPSDZASD0013-MOTORALM,deiZXNPSDZASD0013-MOTORALM,033/010/00041/3/000001,DEIV,4,0,&DB_18131-&DB_HUADONGMEN,VE,deiZXNSYSFEPPSD-COM,,,,
:R:A:POLE_ZXN:FEP:PSD:deiZXNPSDZASD0013-ISOSTA,deiZXNPSDZASD0013-ISOSTA,033/010/00041/4/000001,DEIV,4,0,&DB_18131-&DB_HUADONGMEN,VE,deiZXNSYSFEPPSD-COM,,,,
:R:A:POLE_ZXN:FEP:PSD:deiZXNPSDZASD0013-MANUSTA,deiZXNPSDZASD0013-MANUSTA,033/010/00041/5/000001,DEIV,4,0,&DB_18131-&DB_HUADONGMEN,VE,deiZXNSYSFEPPSD-COM,,,,
:R:A:POLE_ZXN:FEP:PSD:deiZXNPSDZASD0013-AUTOSTA,deiZXNPSDZASD0013-AUTOSTA,033/010/00041/6/000001,DEIV,4,0,&DB_18131-&DB_HUADONGMEN,VE,deiZXNSYSFEPPSD-COM,,,,
:R:A:POLE_ZXN:FEP:PSD:deiZXNPSDZASD0013-LLLSALM,deiZXNPSDZASD0013-LLLSALM,033/010/00041/7/000001,DEIV,4,0,&DB_18131-&DB_HUADONGMEN,VE,deiZXNSYSFEPPSD-COM,,,,
:R:A:POLE_ZXN:FEP:PSD:deiZXNPSDZASD0014-SLDCLOSTA,deiZXNPSDZASD0014-SLDCLOSTA,033/010/00043/0/000001,DEIV,4,0,&DB_18141-&DB_HUADONGMEN,VE,deiZXNSYSFEPPSD-COM,,,,
:R:A:POLE_ZXN:FEP:PSD:deiZXNPSDZASD0014-SLDOPNSTA,deiZXNPSDZASD0014-SLDOPNSTA,033/010/00043/1/000001,DEIV,4,0,&DB_18141-&DB_HUADONGMEN,VE,deiZXNSYSFEPPSD-COM,,,,
:R:A:POLE_ZXN:FEP:PSD:deiZXNPSDZASD0014-GATEALM,deiZXNPSDZASD0014-GATEALM,033/010/00043/2/000001,DEIV,4,0,&DB_18141-&DB_HUADONGMEN,VE,deiZXNSYSFEPPSD-COM,,,,
:R:A:POLE_ZXN:FEP:PSD:deiZXNPSDZASD0014-MOTORALM,deiZXNPSDZASD0014-MOTORALM,033/010/00043/3/000001,DEIV,4,0,&DB_18141-&DB_HUADONGMEN,VE,deiZXNSYSFEPPSD-COM,,,,
:R:A:POLE_ZXN:FEP:PSD:deiZXNPSDZASD0014-ISOSTA,deiZXNPSDZASD0014-ISOSTA,033/010/00043/4/000001,DEIV,4,0,&DB_18141-&DB_HUADONGMEN,VE,deiZXNSYSFEPPSD-COM,,,,
:R:A:POLE_ZXN:FEP:PSD:deiZXNPSDZASD0014-MANUSTA,deiZXNPSDZASD0014-MANUSTA,033/010/00043/5/000001,DEIV,4,0,&DB_18141-&DB_HUADONGMEN,VE,deiZXNSYSFEPPSD-COM,,,,
:R:A:POLE_ZXN:FEP:PSD:deiZXNPSDZASD0014-AUTOSTA,deiZXNPSDZASD0014-AUTOSTA,033/010/00043/6/000001,DEIV,4,0,&DB_18141-&DB_HUADONGMEN,VE,deiZXNSYSFEPPSD-COM,,,,
:R:A:POLE_ZXN:FEP:PSD:deiZXNPSDZASD0014-LLLSALM,deiZXNPSDZASD0014-LLLSALM,033/010/00043/7/000001,DEIV,4,0,&DB_18141-&DB_HUADONGMEN,VE,deiZXNSYSFEPPSD-COM,,,,
:R:A:POLE_ZXN:FEP:PSD:deiZXNPSDZASD0015-SLDCLOSTA,deiZXNPSDZASD0015-SLDCLOSTA,033/010/00045/0/000001,DEIV,4,0,&DB_18151-&DB_HUADONGMEN,VE,deiZXNSYSFEPPSD-COM,,,,
:R:A:POLE_ZXN:FEP:PSD:deiZXNPSDZASD0015-SLDOPNSTA,deiZXNPSDZASD0015-SLDOPNSTA,033/010/00045/1/000001,DEIV,4,0,&DB_18151-&DB_HUADONGMEN,VE,deiZXNSYSFEPPSD-COM,,,,
:R:A:POLE_ZXN:FEP:PSD:deiZXNPSDZASD0015-GATEALM,deiZXNPSDZASD0015-GATEALM,033/010/00045/2/000001,DEIV,4,0,&DB_18151-&DB_HUADONGMEN,VE,deiZXNSYSFEPPSD-COM,,,,
:R:A:POLE_ZXN:FEP:PSD:deiZXNPSDZASD0015-MOTORALM,deiZXNPSDZASD0015-MOTORALM,033/010/00045/3/000001,DEIV,4,0,&DB_18151-&DB_HUADONGMEN,VE,deiZXNSYSFEPPSD-COM,,,,
:R:A:POLE_ZXN:FEP:PSD:deiZXNPSDZASD0015-ISOSTA,deiZXNPSDZASD0015-ISOSTA,033/010/00045/4/000001,DEIV,4,0,&DB_18151-&DB_HUADONGMEN,VE,deiZXNSYSFEPPSD-COM,,,,
:R:A:POLE_ZXN:FEP:PSD:deiZXNPSDZASD0015-MANUSTA,deiZXNPSDZASD0015-MANUSTA,033/010/00045/5/000001,DEIV,4,0,&DB_18151-&DB_HUADONGMEN,VE,deiZXNSYSFEPPSD-COM,,,,
:R:A:POLE_ZXN:FEP:PSD:deiZXNPSDZASD0015-AUTOSTA,deiZXNPSDZASD0015-AUTOSTA,033/010/00045/6/000001,DEIV,4,0,&DB_18151-&DB_HUADONGMEN,VE,deiZXNSYSFEPPSD-COM,,,,
:R:A:POLE_ZXN:FEP:PSD:deiZXNPSDZASD0015-LLLSALM,deiZXNPSDZASD0015-LLLSALM,033/010/00045/7/000001,DEIV,4,0,&DB_18151-&DB_HUADONGMEN,VE,deiZXNSYSFEPPSD-COM,,,,
:R:A:POLE_ZXN:FEP:PSD:deiZXNPSDZASD0016-SLDCLOSTA,deiZXNPSDZASD0016-SLDCLOSTA,033/010/00047/0/000001,DEIV,4,0,&DB_18161-&DB_HUADONGMEN,VE,deiZXNSYSFEPPSD-COM,,,,
:R:A:POLE_ZXN:FEP:PSD:deiZXNPSDZASD0016-SLDOPNSTA,deiZXNPSDZASD0016-SLDOPNSTA,033/010/00047/1/000001,DEIV,4,0,&DB_18161-&DB_HUADONGMEN,VE,deiZXNSYSFEPPSD-COM,,,,
:R:A:POLE_ZXN:FEP:PSD:deiZXNPSDZASD0016-GATEALM,deiZXNPSDZASD0016-GATEALM,033/010/00047/2/000001,DEIV,4,0,&DB_18161-&DB_HUADONGMEN,VE,deiZXNSYSFEPPSD-COM,,,,
:R:A:POLE_ZXN:FEP:PSD:deiZXNPSDZASD0016-MOTORALM,deiZXNPSDZASD0016-MOTORALM,033/010/00047/3/000001,DEIV,4,0,&DB_18161-&DB_HUADONGMEN,VE,deiZXNSYSFEPPSD-COM,,,,
:R:A:POLE_ZXN:FEP:PSD:deiZXNPSDZASD0016-ISOSTA,deiZXNPSDZASD0016-ISOSTA,033/010/00047/4/000001,DEIV,4,0,&DB_18161-&DB_HUADONGMEN,VE,deiZXNSYSFEPPSD-COM,,,,
:R:A:POLE_ZXN:FEP:PSD:deiZXNPSDZASD0016-MANUSTA,deiZXNPSDZASD0016-MANUSTA,033/010/00047/5/000001,DEIV,4,0,&DB_18161-&DB_HUADONGMEN,VE,deiZXNSYSFEPPSD-COM,,,,
:R:A:POLE_ZXN:FEP:PSD:deiZXNPSDZASD0016-AUTOSTA,deiZXNPSDZASD0016-AUTOSTA,033/010/00047/6/000001,DEIV,4,0,&DB_18161-&DB_HUADONGMEN,VE,deiZXNSYSFEPPSD-COM,,,,
:R:A:POLE_ZXN:FEP:PSD:deiZXNPSDZASD0016-LLLSALM,deiZXNPSDZASD0016-LLLSALM,033/010/00047/7/000001,DEIV,4,0,&DB_18161-&DB_HUADONGMEN,VE,deiZXNSYSFEPPSD-COM,,,,
:R:A:POLE_ZXN:FEP:PSD:deiZXNPSDZASD0017-SLDCLOSTA,deiZXNPSDZASD0017-SLDCLOSTA,033/010/00049/0/000001,DEIV,4,0,&DB_18171-&DB_HUADONGMEN,VE,deiZXNSYSFEPPSD-COM,,,,
:R:A:POLE_ZXN:FEP:PSD:deiZXNPSDZASD0017-SLDOPNSTA,deiZXNPSDZASD0017-SLDOPNSTA,033/010/00049/1/000001,DEIV,4,0,&DB_18171-&DB_HUADONGMEN,VE,deiZXNSYSFEPPSD-COM,,,,
:R:A:POLE_ZXN:FEP:PSD:deiZXNPSDZASD0017-GATEALM,deiZXNPSDZASD0017-GATEALM,033/010/00049/2/000001,DEIV,4,0,&DB_18171-&DB_HUADONGMEN,VE,deiZXNSYSFEPPSD-COM,,,,
:R:A:POLE_ZXN:FEP:PSD:deiZXNPSDZASD0017-MOTORALM,deiZXNPSDZASD0017-MOTORALM,033/010/00049/3/000001,DEIV,4,0,&DB_18171-&DB_HUADONGMEN,VE,deiZXNSYSFEPPSD-COM,,,,
:R:A:POLE_ZXN:FEP:PSD:deiZXNPSDZASD0017-ISOSTA,deiZXNPSDZASD0017-ISOSTA,033/010/00049/4/000001,DEIV,4,0,&DB_18171-&DB_HUADONGMEN,VE,deiZXNSYSFEPPSD-COM,,,,
:R:A:POLE_ZXN:FEP:PSD:deiZXNPSDZASD0017-MANUSTA,deiZXNPSDZASD0017-MANUSTA,033/010/00049/5/000001,DEIV,4,0,&DB_18171-&DB_HUADONGMEN,VE,deiZXNSYSFEPPSD-COM,,,,
:R:A:POLE_ZXN:FEP:PSD:deiZXNPSDZASD0017-AUTOSTA,deiZXNPSDZASD0017-AUTOSTA,033/010/00049/6/000001,DEIV,4,0,&DB_18171-&DB_HUADONGMEN,VE,deiZXNSYSFEPPSD-COM,,,,
:R:A:POLE_ZXN:FEP:PSD:deiZXNPSDZASD0017-LLLSALM,deiZXNPSDZASD0017-LLLSALM,033/010/00049/7/000001,DEIV,4,0,&DB_18171-&DB_HUADONGMEN,VE,deiZXNSYSFEPPSD-COM,,,,
:R:A:POLE_ZXN:FEP:PSD:deiZXNPSDZASD0018-SLDCLOSTA,deiZXNPSDZASD0018-SLDCLOSTA,033/010/00051/0/000001,DEIV,4,0,&DB_18181-&DB_HUADONGMEN,VE,deiZXNSYSFEPPSD-COM,,,,
:R:A:POLE_ZXN:FEP:PSD:deiZXNPSDZASD0018-SLDOPNSTA,deiZXNPSDZASD0018-SLDOPNSTA,033/010/00051/1/000001,DEIV,4,0,&DB_18181-&DB_HUADONGMEN,VE,deiZXNSYSFEPPSD-COM,,,,
:R:A:POLE_ZXN:FEP:PSD:deiZXNPSDZASD0018-GATEALM,deiZXNPSDZASD0018-GATEALM,033/010/00051/2/000001,DEIV,4,0,&DB_18181-&DB_HUADONGMEN,VE,deiZXNSYSFEPPSD-COM,,,,
:R:A:POLE_ZXN:FEP:PSD:deiZXNPSDZASD0018-MOTORALM,deiZXNPSDZASD0018-MOTORALM,033/010/00051/3/000001,DEIV,4,0,&DB_18181-&DB_HUADONGMEN,VE,deiZXNSYSFEPPSD-COM,,,,
:R:A:POLE_ZXN:FEP:PSD:deiZXNPSDZASD0018-ISOSTA,deiZXNPSDZASD0018-ISOSTA,033/010/00051/4/000001,DEIV,4,0,&DB_18181-&DB_HUADONGMEN,VE,deiZXNSYSFEPPSD-COM,,,,
:R:A:POLE_ZXN:FEP:PSD:deiZXNPSDZASD0018-MANUSTA,deiZXNPSDZASD0018-MANUSTA,033/010/00051/5/000001,DEIV,4,0,&DB_18181-&DB_HUADONGMEN,VE,deiZXNSYSFEPPSD-COM,,,,
:R:A:POLE_ZXN:FEP:PSD:deiZXNPSDZASD0018-AUTOSTA,deiZXNPSDZASD0018-AUTOSTA,033/010/00051/6/000001,DEIV,4,0,&DB_18181-&DB_HUADONGMEN,VE,deiZXNSYSFEPPSD-COM,,,,
:R:A:POLE_ZXN:FEP:PSD:deiZXNPSDZASD0018-LLLSALM,deiZXNPSDZASD0018-LLLSALM,033/010/00051/7/000001,DEIV,4,0,&DB_18181-&DB_HUADONGMEN,VE,deiZXNSYSFEPPSD-COM,,,,
:R:A:POLE_ZXN:FEP:PSD:deiZXNPSDZASD0019-SLDCLOSTA,deiZXNPSDZASD0019-SLDCLOSTA,033/010/00053/0/000001,DEIV,4,0,&DB_18191-&DB_HUADONGMEN,VE,deiZXNSYSFEPPSD-COM,,,,
:R:A:POLE_ZXN:FEP:PSD:deiZXNPSDZASD0019-SLDOPNSTA,deiZXNPSDZASD0019-SLDOPNSTA,033/010/00053/1/000001,DEIV,4,0,&DB_18191-&DB_HUADONGMEN,VE,deiZXNSYSFEPPSD-COM,,,,
:R:A:POLE_ZXN:FEP:PSD:deiZXNPSDZASD0019-GATEALM,deiZXNPSDZASD0019-GATEALM,033/010/00053/2/000001,DEIV,4,0,&DB_18191-&DB_HUADONGMEN,VE,deiZXNSYSFEPPSD-COM,,,,
:R:A:POLE_ZXN:FEP:PSD:deiZXNPSDZASD0019-MOTORALM,deiZXNPSDZASD0019-MOTORALM,033/010/00053/3/000001,DEIV,4,0,&DB_18191-&DB_HUADONGMEN,VE,deiZXNSYSFEPPSD-COM,,,,
:R:A:POLE_ZXN:FEP:PSD:deiZXNPSDZASD0019-ISOSTA,deiZXNPSDZASD0019-ISOSTA,033/010/00053/4/000001,DEIV,4,0,&DB_18191-&DB_HUADONGMEN,VE,deiZXNSYSFEPPSD-COM,,,,
:R:A:POLE_ZXN:FEP:PSD:deiZXNPSDZASD0019-MANUSTA,deiZXNPSDZASD0019-MANUSTA,033/010/00053/5/000001,DEIV,4,0,&DB_18191-&DB_HUADONGMEN,VE,deiZXNSYSFEPPSD-COM,,,,
:R:A:POLE_ZXN:FEP:PSD:deiZXNPSDZASD0019-AUTOSTA,deiZXNPSDZASD0019-AUTOSTA,033/010/00053/6/000001,DEIV,4,0,&DB_18191-&DB_HUADONGMEN,VE,deiZXNSYSFEPPSD-COM,,,,
:R:A:POLE_ZXN:FEP:PSD:deiZXNPSDZASD0019-LLLSALM,deiZXNPSDZASD0019-LLLSALM,033/010/00053/7/000001,DEIV,4,0,&DB_18191-&DB_HUADONGMEN,VE,deiZXNSYSFEPPSD-COM,,,,
:R:A:POLE_ZXN:FEP:PSD:deiZXNPSDZASD0020-SLDCLOSTA,deiZXNPSDZASD0020-SLDCLOSTA,033/010/00055/0/000001,DEIV,4,0,&DB_18201-&DB_HUADONGMEN,VE,deiZXNSYSFEPPSD-COM,,,,
:R:A:POLE_ZXN:FEP:PSD:deiZXNPSDZASD0020-SLDOPNSTA,deiZXNPSDZASD0020-SLDOPNSTA,033/010/00055/1/000001,DEIV,4,0,&DB_18201-&DB_HUADONGMEN,VE,deiZXNSYSFEPPSD-COM,,,,
:R:A:POLE_ZXN:FEP:PSD:deiZXNPSDZASD0020-GATEALM,deiZXNPSDZASD0020-GATEALM,033/010/00055/2/000001,DEIV,4,0,&DB_18201-&DB_HUADONGMEN,VE,deiZXNSYSFEPPSD-COM,,,,
:R:A:POLE_ZXN:FEP:PSD:deiZXNPSDZASD0020-MOTORALM,deiZXNPSDZASD0020-MOTORALM,033/010/00055/3/000001,DEIV,4,0,&DB_18201-&DB_HUADONGMEN,VE,deiZXNSYSFEPPSD-COM,,,,
:R:A:POLE_ZXN:FEP:PSD:deiZXNPSDZASD0020-ISOSTA,deiZXNPSDZASD0020-ISOSTA,033/010/00055/4/000001,DEIV,4,0,&DB_18201-&DB_HUADONGMEN,VE,deiZXNSYSFEPPSD-COM,,,,
:R:A:POLE_ZXN:FEP:PSD:deiZXNPSDZASD0020-MANUSTA,deiZXNPSDZASD0020-MANUSTA,033/010/00055/5/000001,DEIV,4,0,&DB_18201-&DB_HUADONGMEN,VE,deiZXNSYSFEPPSD-COM,,,,
:R:A:POLE_ZXN:FEP:PSD:deiZXNPSDZASD0020-AUTOSTA,deiZXNPSDZASD0020-AUTOSTA,033/010/00055/6/000001,DEIV,4,0,&DB_18201-&DB_HUADONGMEN,VE,deiZXNSYSFEPPSD-COM,,,,
:R:A:POLE_ZXN:FEP:PSD:deiZXNPSDZASD0020-LLLSALM,deiZXNPSDZASD0020-LLLSALM,033/010/00055/7/000001,DEIV,4,0,&DB_18201-&DB_HUADONGMEN,VE,deiZXNSYSFEPPSD-COM,,,,
:R:A:POLE_ZXN:FEP:PSD:deiZXNPSDZASD0021-SLDCLOSTA,deiZXNPSDZASD0021-SLDCLOSTA,033/010/00057/0/000001,DEIV,4,0,&DB_18211-&DB_HUADONGMEN,VE,deiZXNSYSFEPPSD-COM,,,,
:R:A:POLE_ZXN:FEP:PSD:deiZXNPSDZASD0021-SLDOPNSTA,deiZXNPSDZASD0021-SLDOPNSTA,033/010/00057/1/000001,DEIV,4,0,&DB_18211-&DB_HUADONGMEN,VE,deiZXNSYSFEPPSD-COM,,,,
:R:A:POLE_ZXN:FEP:PSD:deiZXNPSDZASD0021-GATEALM,deiZXNPSDZASD0021-GATEALM,033/010/00057/2/000001,DEIV,4,0,&DB_18211-&DB_HUADONGMEN,VE,deiZXNSYSFEPPSD-COM,,,,
:R:A:POLE_ZXN:FEP:PSD:deiZXNPSDZASD0021-MOTORALM,deiZXNPSDZASD0021-MOTORALM,033/010/00057/3/000001,DEIV,4,0,&DB_18211-&DB_HUADONGMEN,VE,deiZXNSYSFEPPSD-COM,,,,
:R:A:POLE_ZXN:FEP:PSD:deiZXNPSDZASD0021-ISOSTA,deiZXNPSDZASD0021-ISOSTA,033/010/00057/4/000001,DEIV,4,0,&DB_18211-&DB_HUADONGMEN,VE,deiZXNSYSFEPPSD-COM,,,,
:R:A:POLE_ZXN:FEP:PSD:deiZXNPSDZASD0021-MANUSTA,deiZXNPSDZASD0021-MANUSTA,033/010/00057/5/000001,DEIV,4,0,&DB_18211-&DB_HUADONGMEN,VE,deiZXNSYSFEPPSD-COM,,,,
:R:A:POLE_ZXN:FEP:PSD:deiZXNPSDZASD0021-AUTOSTA,deiZXNPSDZASD0021-AUTOSTA,033/010/00057/6/000001,DEIV,4,0,&DB_18211-&DB_HUADONGMEN,VE,deiZXNSYSFEPPSD-COM,,,,
:R:A:POLE_ZXN:FEP:PSD:deiZXNPSDZASD0021-LLLSALM,deiZXNPSDZASD0021-LLLSALM,033/010/00057/7/000001,DEIV,4,0,&DB_18211-&DB_HUADONGMEN,VE,deiZXNSYSFEPPSD-COM,,,,
:R:A:POLE_ZXN:FEP:PSD:deiZXNPSDZASD0022-SLDCLOSTA,deiZXNPSDZASD0022-SLDCLOSTA,033/010/00059/0/000001,DEIV,4,0,&DB_18221-&DB_HUADONGMEN,VE,deiZXNSYSFEPPSD-COM,,,,
:R:A:POLE_ZXN:FEP:PSD:deiZXNPSDZASD0022-SLDOPNSTA,deiZXNPSDZASD0022-SLDOPNSTA,033/010/00059/1/000001,DEIV,4,0,&DB_18221-&DB_HUADONGMEN,VE,deiZXNSYSFEPPSD-COM,,,,
:R:A:POLE_ZXN:FEP:PSD:deiZXNPSDZASD0022-GATEALM,deiZXNPSDZASD0022-GATEALM,033/010/00059/2/000001,DEIV,4,0,&DB_18221-&DB_HUADONGMEN,VE,deiZXNSYSFEPPSD-COM,,,,
:R:A:POLE_ZXN:FEP:PSD:deiZXNPSDZASD0022-MOTORALM,deiZXNPSDZASD0022-MOTORALM,033/010/00059/3/000001,DEIV,4,0,&DB_18221-&DB_HUADONGMEN,VE,deiZXNSYSFEPPSD-COM,,,,
:R:A:POLE_ZXN:FEP:PSD:deiZXNPSDZASD0022-ISOSTA,deiZXNPSDZASD0022-ISOSTA,033/010/00059/4/000001,DEIV,4,0,&DB_18221-&DB_HUADONGMEN,VE,deiZXNSYSFEPPSD-COM,,,,
:R:A:POLE_ZXN:FEP:PSD:deiZXNPSDZASD0022-MANUSTA,deiZXNPSDZASD0022-MANUSTA,033/010/00059/5/000001,DEIV,4,0,&DB_18221-&DB_HUADONGMEN,VE,deiZXNSYSFEPPSD-COM,,,,
:R:A:POLE_ZXN:FEP:PSD:deiZXNPSDZASD0022-AUTOSTA,deiZXNPSDZASD0022-AUTOSTA,033/010/00059/6/000001,DEIV,4,0,&DB_18221-&DB_HUADONGMEN,VE,deiZXNSYSFEPPSD-COM,,,,
:R:A:POLE_ZXN:FEP:PSD:deiZXNPSDZASD0022-LLLSALM,deiZXNPSDZASD0022-LLLSALM,033/010/00059/7/000001,DEIV,4,0,&DB_18221-&DB_HUADONGMEN,VE,deiZXNSYSFEPPSD-COM,,,,
:R:A:POLE_ZXN:FEP:PSD:deiZXNPSDZASD0023-SLDCLOSTA,deiZXNPSDZASD0023-SLDCLOSTA,033/010/00061/0/000001,DEIV,4,0,&DB_18231-&DB_HUADONGMEN,VE,deiZXNSYSFEPPSD-COM,,,,
:R:A:POLE_ZXN:FEP:PSD:deiZXNPSDZASD0023-SLDOPNSTA,deiZXNPSDZASD0023-SLDOPNSTA,033/010/00061/1/000001,DEIV,4,0,&DB_18231-&DB_HUADONGMEN,VE,deiZXNSYSFEPPSD-COM,,,,
:R:A:POLE_ZXN:FEP:PSD:deiZXNPSDZASD0023-GATEALM,deiZXNPSDZASD0023-GATEALM,033/010/00061/2/000001,DEIV,4,0,&DB_18231-&DB_HUADONGMEN,VE,deiZXNSYSFEPPSD-COM,,,,
:R:A:POLE_ZXN:FEP:PSD:deiZXNPSDZASD0023-MOTORALM,deiZXNPSDZASD0023-MOTORALM,033/010/00061/3/000001,DEIV,4,0,&DB_18231-&DB_HUADONGMEN,VE,deiZXNSYSFEPPSD-COM,,,,
:R:A:POLE_ZXN:FEP:PSD:deiZXNPSDZASD0023-ISOSTA,deiZXNPSDZASD0023-ISOSTA,033/010/00061/4/000001,DEIV,4,0,&DB_18231-&DB_HUADONGMEN,VE,deiZXNSYSFEPPSD-COM,,,,
:R:A:POLE_ZXN:FEP:PSD:deiZXNPSDZASD0023-MANUSTA,deiZXNPSDZASD0023-MANUSTA,033/010/00061/5/000001,DEIV,4,0,&DB_18231-&DB_HUADONGMEN,VE,deiZXNSYSFEPPSD-COM,,,,
:R:A:POLE_ZXN:FEP:PSD:deiZXNPSDZASD0023-AUTOSTA,deiZXNPSDZASD0023-AUTOSTA,033/010/00061/6/000001,DEIV,4,0,&DB_18231-&DB_HUADONGMEN,VE,deiZXNSYSFEPPSD-COM,,,,
:R:A:POLE_ZXN:FEP:PSD:deiZXNPSDZASD0023-LLLSALM,deiZXNPSDZASD0023-LLLSALM,033/010/00061/7/000001,DEIV,4,0,&DB_18231-&DB_HUADONGMEN,VE,deiZXNSYSFEPPSD-COM,,,,
:R:A:POLE_ZXN:FEP:PSD:deiZXNPSDZASD0024-SLDCLOSTA,deiZXNPSDZASD0024-SLDCLOSTA,033/010/00063/0/000001,DEIV,4,0,&DB_18241-&DB_HUADONGMEN,VE,deiZXNSYSFEPPSD-COM,,,,
:R:A:POLE_ZXN:FEP:PSD:deiZXNPSDZASD0024-SLDOPNSTA,deiZXNPSDZASD0024-SLDOPNSTA,033/010/00063/1/000001,DEIV,4,0,&DB_18241-&DB_HUADONGMEN,VE,deiZXNSYSFEPPSD-COM,,,,
:R:A:POLE_ZXN:FEP:PSD:deiZXNPSDZASD0024-GATEALM,deiZXNPSDZASD0024-GATEALM,033/010/00063/2/000001,DEIV,4,0,&DB_18241-&DB_HUADONGMEN,VE,deiZXNSYSFEPPSD-COM,,,,
:R:A:POLE_ZXN:FEP:PSD:deiZXNPSDZASD0024-MOTORALM,deiZXNPSDZASD0024-MOTORALM,033/010/00063/3/000001,DEIV,4,0,&DB_18241-&DB_HUADONGMEN,VE,deiZXNSYSFEPPSD-COM,,,,
:R:A:POLE_ZXN:FEP:PSD:deiZXNPSDZASD0024-ISOSTA,deiZXNPSDZASD0024-ISOSTA,033/010/00063/4/000001,DEIV,4,0,&DB_18241-&DB_HUADONGMEN,VE,deiZXNSYSFEPPSD-COM,,,,
:R:A:POLE_ZXN:FEP:PSD:deiZXNPSDZASD0024-MANUSTA,deiZXNPSDZASD0024-MANUSTA,033/010/00063/5/000001,DEIV,4,0,&DB_18241-&DB_HUADONGMEN,VE,deiZXNSYSFEPPSD-COM,,,,
:R:A:POLE_ZXN:FEP:PSD:deiZXNPSDZASD0024-AUTOSTA,deiZXNPSDZASD0024-AUTOSTA,033/010/00063/6/000001,DEIV,4,0,&DB_18241-&DB_HUADONGMEN,VE,deiZXNSYSFEPPSD-COM,,,,
:R:A:POLE_ZXN:FEP:PSD:deiZXNPSDZASD0024-LLLSALM,deiZXNPSDZASD0024-LLLSALM,033/010/00063/7/000001,DEIV,4,0,&DB_18241-&DB_HUADONGMEN,VE,deiZXNSYSFEPPSD-COM,,,,
:R:A:POLE_ZXN:FEP:PSD:deiZXNPSDZPSD0002-CLOSEDR,deiZXNPSDZPSD0002-CLOSEDR,033/010/00073/0/000001,DEIV,4,0,&DB_23011-&DB_PINGBIMENXITONG,VE,deiZXNSYSFEPPSD-COM,,,,
:R:A:POLE_ZXN:FEP:PSD:deiZXNPSDZPSD0002-OPNFLT,deiZXNPSDZPSD0002-OPNFLT,033/010/00073/1/000001,DEIV,4,0,&DB_23011-&DB_PINGBIMENXITONG,VE,deiZXNSYSFEPPSD-COM,,,,
:R:A:POLE_ZXN:FEP:PSD:deiZXNPSDZPSD0002-CLOFLT,deiZXNPSDZPSD0002-CLOFLT,033/010/00073/2/000001,DEIV,4,0,&DB_23011-&DB_PINGBIMENXITONG,VE,deiZXNSYSFEPPSD-COM,,,,
:R:A:POLE_ZXN:FEP:PSD:deiZXNPSDZPSD0002-AUTOOPN,deiZXNPSDZPSD0002-AUTOOPN,033/010/00073/3/000001,DEIV,4,0,&DB_23011-&DB_PINGBIMENXITONG,VE,deiZXNSYSFEPPSD-COM,,,,
:R:A:POLE_ZXN:FEP:PSD:deiZXNPSDZPSD0002-AUTOCLO,deiZXNPSDZPSD0002-AUTOCLO,033/010/00073/4/000001,DEIV,4,0,&DB_23011-&DB_PINGBIMENXITONG,VE,deiZXNSYSFEPPSD-COM,,,,
:R:A:POLE_ZXN:FEP:PSD:deiZXNPSDZPSD0002-CTLSYSALM,deiZXNPSDZPSD0002-CTLSYSALM,033/010/00073/5/000001,DEIV,4,0,&DB_23011-&DB_PINGBIMENXITONG,VE,deiZXNSYSFEPPSD-COM,,,,
:R:A:POLE_ZXN:FEP:PSD:deiZXNPSDZPSD0002-SITEFLT,deiZXNPSDZPSD0002-SITEFLT,033/010/00073/6/000001,DEIV,4,0,&DB_23011-&DB_PINGBIMENXITONG,VE,deiZXNSYSFEPPSD-COM,,,,
:R:A:POLE_ZXN:FEP:PSD:deiZXNPSDMSD_0003-SITEALM,deiZXNPSDMSD_0003-SITEALM,033/010/00075/0/000001,DEIV,4,0,&DB_24011-&DB_ZHANTAIDUANMEN,VE,deiZXNSYSFEPPSD-COM,,,,
:R:A:POLE_ZXN:FEP:PSD:deiZXNPSDMSD_0003-SITEOT,deiZXNPSDMSD_0003-SITEOT,033/010/00075/1/000001,DEIV,4,0,&DB_24011-&DB_ZHANTAIDUANMEN,VE,deiZXNSYSFEPPSD-COM,,,,
:R:A:POLE_ZXN:FEP:PSD:deiZXNPSDMSD_0004-SITEALM,deiZXNPSDMSD_0004-SITEALM,033/010/00075/2/000001,DEIV,4,0,&DB_24021-&DB_ZHANTAIDUANMEN,VE,deiZXNSYSFEPPSD-COM,,,,
:R:A:POLE_ZXN:FEP:PSD:deiZXNPSDMSD_0004-SITEOT,deiZXNPSDMSD_0004-SITEOT,033/010/00075/3/000001,DEIV,4,0,&DB_24021-&DB_ZHANTAIDUANMEN,VE,deiZXNSYSFEPPSD-COM,,,,
:R:A:POLE_ZXN:FEP:PSD:deiZXNPSDPSL_0002-PSLALM,deiZXNPSDPSL_0002-PSLALM,033/010/00075/4/000001,DEIV,4,0,&DB_25011-&DB_JIUDIKONGZHIPAN,VE,deiZXNSYSFEPPSD-COM,,,,
:R:A:POLE_ZXN:FEP:PSD:deiZXNPSDPSL_0002-LCOPALOW,deiZXNPSDPSL_0002-LCOPALOW,033/010/00075/5/000001,DEIV,4,0,&DB_25011-&DB_JIUDIKONGZHIPAN,VE,deiZXNSYSFEPPSD-COM,,,,
:R:A:POLE_ZXN:FEP:PSD:deiZXNPSDPSL_0002-OPNCOMD,deiZXNPSDPSL_0002-OPNCOMD,033/010/00075/6/000001,DEIV,4,0,&DB_25011-&DB_JIUDIKONGZHIPAN,VE,deiZXNSYSFEPPSD-COM,,,,
:R:A:POLE_ZXN:FEP:PSD:deiZXNPSDPSL_0002-CLOCOMD,deiZXNPSDPSL_0002-CLOCOMD,033/010/00075/7/000001,DEIV,4,0,&DB_25011-&DB_JIUDIKONGZHIPAN,VE,deiZXNSYSFEPPSD-COM,,,,
:R:A:POLE_ZXN:FEP:PSD:deiZXNPSDZEED0007-EDOPNALM,deiZXNPSDZEED0007-EDOPNALM,033/010/00077/0/000001,DEIV,4,0,&DB_26011-&DB_YINGJIMEN,VE,deiZXNSYSFEPPSD-COM,,,,
:R:A:POLE_ZXN:FEP:PSD:deiZXNPSDZEED0008-EDOPNALM,deiZXNPSDZEED0008-EDOPNALM,033/010/00077/1/000001,DEIV,4,0,&DB_26021-&DB_YINGJIMEN,VE,deiZXNSYSFEPPSD-COM,,,,
:R:A:POLE_ZXN:FEP:PSD:deiZXNPSDZEED0009-EDOPNALM,deiZXNPSDZEED0009-EDOPNALM,033/010/00077/2/000001,DEIV,4,0,&DB_26031-&DB_YINGJIMEN,VE,deiZXNSYSFEPPSD-COM,,,,
:R:A:POLE_ZXN:FEP:PSD:deiZXNPSDZEED0010-EDOPNALM,deiZXNPSDZEED0010-EDOPNALM,033/010/00077/3/000001,DEIV,4,0,&DB_26041-&DB_YINGJIMEN,VE,deiZXNSYSFEPPSD-COM,,,,
:R:A:POLE_ZXN:FEP:PSD:deiZXNPSDZEED0011-EDOPNALM,deiZXNPSDZEED0011-EDOPNALM,033/010/00077/4/000001,DEIV,4,0,&DB_26051-&DB_YINGJIMEN,VE,deiZXNSYSFEPPSD-COM,,,,
:R:A:POLE_ZXN:FEP:PSD:deiZXNPSDZEED0012-EDOPNALM,deiZXNPSDZEED0012-EDOPNALM,033/010/00077/5/000001,DEIV,4,0,&DB_26061-&DB_YINGJIMEN,VE,deiZXNSYSFEPPSD-COM,,,,
:R:A:POLE_ZXN:FEP:PSD:deiZXNPSDZIBP0002-ECTLALLOW,deiZXNPSDZIBP0002-ECTLALLOW,033/010/00079/0/000001,DEIV,4,0,&DB_27021-&DB_ZONGHEHOUBEIPAN,VE,deiZXNSYSFEPPSD-COM,,,,
:R:A:POLE_ZXN:FEP:PSD:deiZXNPSDZIBP0002-IBPOPNCMD,deiZXNPSDZIBP0002-IBPOPNCMD,033/010/00079/1/000001,DEIV,4,0,&DB_27021-&DB_ZONGHEHOUBEIPAN,VE,deiZXNSYSFEPPSD-COM,,,,
:R:A:POLE_ZXN:FEP:PSD:deiZXNPSDZIBP0002-IBPCLOCMD,deiZXNPSDZIBP0002-IBPCLOCMD,033/010/00079/2/000001,DEIV,4,0,&DB_27021-&DB_ZONGHEHOUBEIPAN,VE,deiZXNSYSFEPPSD-COM,,,,
:R:A:POLE_ZXN:FEP:PSD:deiZXNPSDZIBP0002-IBPOPNSCMD,deiZXNPSDZIBP0002-IBPOPNSCMD,033/010/00079/3/000001,DEIV,4,0,&DB_27021-&DB_ZONGHEHOUBEIPAN,VE,deiZXNSYSFEPPSD-COM,,,,
:R:A:POLE_ZXN:FEP:PSD:deiZXNPSDZLSR0002-LDETFLT,deiZXNPSDZLSR0002-LDETFLT,033/010/00079/4/000001,DEIV,4,0,&DB_27031-&DB_JIGUANGTANCEQI,VE,deiZXNSYSFEPPSD-COM,,,,
:R:A:POLE_ZXN:FEP:PSD:deiZXNPSDZLSR0002-LDETALM,deiZXNPSDZLSR0002-LDETALM,033/010/00079/5/000001,DEIV,4,0,&DB_27031-&DB_JIGUANGTANCEQI,VE,deiZXNSYSFEPPSD-COM,,,,
:R:A:POLE_ZXN:FEP:PSD:deiZXNPSDZASD0025-SLDCLOSTA,deiZXNPSDZASD0025-SLDCLOSTA,033/010/00081/0/000001,DEIV,4,0,&DB_28011-&DB_HUADONGMEN,VE,deiZXNSYSFEPPSD-COM,,,,
:R:A:POLE_ZXN:FEP:PSD:deiZXNPSDZASD0025-SLDOPNSTA,deiZXNPSDZASD0025-SLDOPNSTA,033/010/00081/1/000001,DEIV,4,0,&DB_28011-&DB_HUADONGMEN,VE,deiZXNSYSFEPPSD-COM,,,,
:R:A:POLE_ZXN:FEP:PSD:deiZXNPSDZASD0025-GATEALM,deiZXNPSDZASD0025-GATEALM,033/010/00081/2/000001,DEIV,4,0,&DB_28011-&DB_HUADONGMEN,VE,deiZXNSYSFEPPSD-COM,,,,
:R:A:POLE_ZXN:FEP:PSD:deiZXNPSDZASD0025-MOTORALM,deiZXNPSDZASD0025-MOTORALM,033/010/00081/3/000001,DEIV,4,0,&DB_28011-&DB_HUADONGMEN,VE,deiZXNSYSFEPPSD-COM,,,,
:R:A:POLE_ZXN:FEP:PSD:deiZXNPSDZASD0025-ISOSTA,deiZXNPSDZASD0025-ISOSTA,033/010/00081/4/000001,DEIV,4,0,&DB_28011-&DB_HUADONGMEN,VE,deiZXNSYSFEPPSD-COM,,,,
:R:A:POLE_ZXN:FEP:PSD:deiZXNPSDZASD0025-MANUSTA,deiZXNPSDZASD0025-MANUSTA,033/010/00081/5/000001,DEIV,4,0,&DB_28011-&DB_HUADONGMEN,VE,deiZXNSYSFEPPSD-COM,,,,
:R:A:POLE_ZXN:FEP:PSD:deiZXNPSDZASD0025-AUTOSTA,deiZXNPSDZASD0025-AUTOSTA,033/010/00081/6/000001,DEIV,4,0,&DB_28011-&DB_HUADONGMEN,VE,deiZXNSYSFEPPSD-COM,,,,
:R:A:POLE_ZXN:FEP:PSD:deiZXNPSDZASD0025-LLLSALM,deiZXNPSDZASD0025-LLLSALM,033/010/00081/7/000001,DEIV,4,0,&DB_28011-&DB_HUADONGMEN,VE,deiZXNSYSFEPPSD-COM,,,,
:R:A:POLE_ZXN:FEP:PSD:deiZXNPSDZASD0026-SLDCLOSTA,deiZXNPSDZASD0026-SLDCLOSTA,033/010/00083/0/000001,DEIV,4,0,&DB_28021-&DB_HUADONGMEN,VE,deiZXNSYSFEPPSD-COM,,,,
:R:A:POLE_ZXN:FEP:PSD:deiZXNPSDZASD0026-SLDOPNSTA,deiZXNPSDZASD0026-SLDOPNSTA,033/010/00083/1/000001,DEIV,4,0,&DB_28021-&DB_HUADONGMEN,VE,deiZXNSYSFEPPSD-COM,,,,
:R:A:POLE_ZXN:FEP:PSD:deiZXNPSDZASD0026-GATEALM,deiZXNPSDZASD0026-GATEALM,033/010/00083/2/000001,DEIV,4,0,&DB_28021-&DB_HUADONGMEN,VE,deiZXNSYSFEPPSD-COM,,,,
:R:A:POLE_ZXN:FEP:PSD:deiZXNPSDZASD0026-MOTORALM,deiZXNPSDZASD0026-MOTORALM,033/010/00083/3/000001,DEIV,4,0,&DB_28021-&DB_HUADONGMEN,VE,deiZXNSYSFEPPSD-COM,,,,
:R:A:POLE_ZXN:FEP:PSD:deiZXNPSDZASD0026-ISOSTA,deiZXNPSDZASD0026-ISOSTA,033/010/00083/4/000001,DEIV,4,0,&DB_28021-&DB_HUADONGMEN,VE,deiZXNSYSFEPPSD-COM,,,,
:R:A:POLE_ZXN:FEP:PSD:deiZXNPSDZASD0026-MANUSTA,deiZXNPSDZASD0026-MANUSTA,033/010/00083/5/000001,DEIV,4,0,&DB_28021-&DB_HUADONGMEN,VE,deiZXNSYSFEPPSD-COM,,,,
:R:A:POLE_ZXN:FEP:PSD:deiZXNPSDZASD0026-AUTOSTA,deiZXNPSDZASD0026-AUTOSTA,033/010/00083/6/000001,DEIV,4,0,&DB_28021-&DB_HUADONGMEN,VE,deiZXNSYSFEPPSD-COM,,,,
:R:A:POLE_ZXN:FEP:PSD:deiZXNPSDZASD0026-LLLSALM,deiZXNPSDZASD0026-LLLSALM,033/010/00083/7/000001,DEIV,4,0,&DB_28021-&DB_HUADONGMEN,VE,deiZXNSYSFEPPSD-COM,,,,
:R:A:POLE_ZXN:FEP:PSD:deiZXNPSDZASD0027-SLDCLOSTA,deiZXNPSDZASD0027-SLDCLOSTA,033/010/00085/0/000001,DEIV,4,0,&DB_28031-&DB_HUADONGMEN,VE,deiZXNSYSFEPPSD-COM,,,,
:R:A:POLE_ZXN:FEP:PSD:deiZXNPSDZASD0027-SLDOPNSTA,deiZXNPSDZASD0027-SLDOPNSTA,033/010/00085/1/000001,DEIV,4,0,&DB_28031-&DB_HUADONGMEN,VE,deiZXNSYSFEPPSD-COM,,,,
:R:A:POLE_ZXN:FEP:PSD:deiZXNPSDZASD0027-GATEALM,deiZXNPSDZASD0027-GATEALM,033/010/00085/2/000001,DEIV,4,0,&DB_28031-&DB_HUADONGMEN,VE,deiZXNSYSFEPPSD-COM,,,,
:R:A:POLE_ZXN:FEP:PSD:deiZXNPSDZASD0027-MOTORALM,deiZXNPSDZASD0027-MOTORALM,033/010/00085/3/000001,DEIV,4,0,&DB_28031-&DB_HUADONGMEN,VE,deiZXNSYSFEPPSD-COM,,,,
:R:A:POLE_ZXN:FEP:PSD:deiZXNPSDZASD0027-ISOSTA,deiZXNPSDZASD0027-ISOSTA,033/010/00085/4/000001,DEIV,4,0,&DB_28031-&DB_HUADONGMEN,VE,deiZXNSYSFEPPSD-COM,,,,
:R:A:POLE_ZXN:FEP:PSD:deiZXNPSDZASD0027-MANUSTA,deiZXNPSDZASD0027-MANUSTA,033/010/00085/5/000001,DEIV,4,0,&DB_28031-&DB_HUADONGMEN,VE,deiZXNSYSFEPPSD-COM,,,,
:R:A:POLE_ZXN:FEP:PSD:deiZXNPSDZASD0027-AUTOSTA,deiZXNPSDZASD0027-AUTOSTA,033/010/00085/6/000001,DEIV,4,0,&DB_28031-&DB_HUADONGMEN,VE,deiZXNSYSFEPPSD-COM,,,,
:R:A:POLE_ZXN:FEP:PSD:deiZXNPSDZASD0027-LLLSALM,deiZXNPSDZASD0027-LLLSALM,033/010/00085/7/000001,DEIV,4,0,&DB_28031-&DB_HUADONGMEN,VE,deiZXNSYSFEPPSD-COM,,,,
:R:A:POLE_ZXN:FEP:PSD:deiZXNPSDZASD0028-SLDCLOSTA,deiZXNPSDZASD0028-SLDCLOSTA,033/010/00087/0/000001,DEIV,4,0,&DB_28041-&DB_HUADONGMEN,VE,deiZXNSYSFEPPSD-COM,,,,
:R:A:POLE_ZXN:FEP:PSD:deiZXNPSDZASD0028-SLDOPNSTA,deiZXNPSDZASD0028-SLDOPNSTA,033/010/00087/1/000001,DEIV,4,0,&DB_28041-&DB_HUADONGMEN,VE,deiZXNSYSFEPPSD-COM,,,,
:R:A:POLE_ZXN:FEP:PSD:deiZXNPSDZASD0028-GATEALM,deiZXNPSDZASD0028-GATEALM,033/010/00087/2/000001,DEIV,4,0,&DB_28041-&DB_HUADONGMEN,VE,deiZXNSYSFEPPSD-COM,,,,
:R:A:POLE_ZXN:FEP:PSD:deiZXNPSDZASD0028-MOTORALM,deiZXNPSDZASD0028-MOTORALM,033/010/00087/3/000001,DEIV,4,0,&DB_28041-&DB_HUADONGMEN,VE,deiZXNSYSFEPPSD-COM,,,,
:R:A:POLE_ZXN:FEP:PSD:deiZXNPSDZASD0028-ISOSTA,deiZXNPSDZASD0028-ISOSTA,033/010/00087/4/000001,DEIV,4,0,&DB_28041-&DB_HUADONGMEN,VE,deiZXNSYSFEPPSD-COM,,,,
:R:A:POLE_ZXN:FEP:PSD:deiZXNPSDZASD0028-MANUSTA,deiZXNPSDZASD0028-MANUSTA,033/010/00087/5/000001,DEIV,4,0,&DB_28041-&DB_HUADONGMEN,VE,deiZXNSYSFEPPSD-COM,,,,
:R:A:POLE_ZXN:FEP:PSD:deiZXNPSDZASD0028-AUTOSTA,deiZXNPSDZASD0028-AUTOSTA,033/010/00087/6/000001,DEIV,4,0,&DB_28041-&DB_HUADONGMEN,VE,deiZXNSYSFEPPSD-COM,,,,
:R:A:POLE_ZXN:FEP:PSD:deiZXNPSDZASD0028-LLLSALM,deiZXNPSDZASD0028-LLLSALM,033/010/00087/7/000001,DEIV,4,0,&DB_28041-&DB_HUADONGMEN,VE,deiZXNSYSFEPPSD-COM,,,,
:R:A:POLE_ZXN:FEP:PSD:deiZXNPSDZASD0029-SLDCLOSTA,deiZXNPSDZASD0029-SLDCLOSTA,033/010/00089/0/000001,DEIV,4,0,&DB_28051-&DB_HUADONGMEN,VE,deiZXNSYSFEPPSD-COM,,,,
:R:A:POLE_ZXN:FEP:PSD:deiZXNPSDZASD0029-SLDOPNSTA,deiZXNPSDZASD0029-SLDOPNSTA,033/010/00089/1/000001,DEIV,4,0,&DB_28051-&DB_HUADONGMEN,VE,deiZXNSYSFEPPSD-COM,,,,
:R:A:POLE_ZXN:FEP:PSD:deiZXNPSDZASD0029-GATEALM,deiZXNPSDZASD0029-GATEALM,033/010/00089/2/000001,DEIV,4,0,&DB_28051-&DB_HUADONGMEN,VE,deiZXNSYSFEPPSD-COM,,,,
:R:A:POLE_ZXN:FEP:PSD:deiZXNPSDZASD0029-MOTORALM,deiZXNPSDZASD0029-MOTORALM,033/010/00089/3/000001,DEIV,4,0,&DB_28051-&DB_HUADONGMEN,VE,deiZXNSYSFEPPSD-COM,,,,
:R:A:POLE_ZXN:FEP:PSD:deiZXNPSDZASD0029-ISOSTA,deiZXNPSDZASD0029-ISOSTA,033/010/00089/4/000001,DEIV,4,0,&DB_28051-&DB_HUADONGMEN,VE,deiZXNSYSFEPPSD-COM,,,,
:R:A:POLE_ZXN:FEP:PSD:deiZXNPSDZASD0029-MANUSTA,deiZXNPSDZASD0029-MANUSTA,033/010/00089/5/000001,DEIV,4,0,&DB_28051-&DB_HUADONGMEN,VE,deiZXNSYSFEPPSD-COM,,,,
:R:A:POLE_ZXN:FEP:PSD:deiZXNPSDZASD0029-AUTOSTA,deiZXNPSDZASD0029-AUTOSTA,033/010/00089/6/000001,DEIV,4,0,&DB_28051-&DB_HUADONGMEN,VE,deiZXNSYSFEPPSD-COM,,,,
:R:A:POLE_ZXN:FEP:PSD:deiZXNPSDZASD0029-LLLSALM,deiZXNPSDZASD0029-LLLSALM,033/010/00089/7/000001,DEIV,4,0,&DB_28051-&DB_HUADONGMEN,VE,deiZXNSYSFEPPSD-COM,,,,
:R:A:POLE_ZXN:FEP:PSD:deiZXNPSDZASD0030-SLDCLOSTA,deiZXNPSDZASD0030-SLDCLOSTA,033/010/00091/0/000001,DEIV,4,0,&DB_28061-&DB_HUADONGMEN,VE,deiZXNSYSFEPPSD-COM,,,,
:R:A:POLE_ZXN:FEP:PSD:deiZXNPSDZASD0030-SLDOPNSTA,deiZXNPSDZASD0030-SLDOPNSTA,033/010/00091/1/000001,DEIV,4,0,&DB_28061-&DB_HUADONGMEN,VE,deiZXNSYSFEPPSD-COM,,,,
:R:A:POLE_ZXN:FEP:PSD:deiZXNPSDZASD0030-GATEALM,deiZXNPSDZASD0030-GATEALM,033/010/00091/2/000001,DEIV,4,0,&DB_28061-&DB_HUADONGMEN,VE,deiZXNSYSFEPPSD-COM,,,,
:R:A:POLE_ZXN:FEP:PSD:deiZXNPSDZASD0030-MOTORALM,deiZXNPSDZASD0030-MOTORALM,033/010/00091/3/000001,DEIV,4,0,&DB_28061-&DB_HUADONGMEN,VE,deiZXNSYSFEPPSD-COM,,,,
:R:A:POLE_ZXN:FEP:PSD:deiZXNPSDZASD0030-ISOSTA,deiZXNPSDZASD0030-ISOSTA,033/010/00091/4/000001,DEIV,4,0,&DB_28061-&DB_HUADONGMEN,VE,deiZXNSYSFEPPSD-COM,,,,
:R:A:POLE_ZXN:FEP:PSD:deiZXNPSDZASD0030-MANUSTA,deiZXNPSDZASD0030-MANUSTA,033/010/00091/5/000001,DEIV,4,0,&DB_28061-&DB_HUADONGMEN,VE,deiZXNSYSFEPPSD-COM,,,,
:R:A:POLE_ZXN:FEP:PSD:deiZXNPSDZASD0030-AUTOSTA,deiZXNPSDZASD0030-AUTOSTA,033/010/00091/6/000001,DEIV,4,0,&DB_28061-&DB_HUADONGMEN,VE,deiZXNSYSFEPPSD-COM,,,,
:R:A:POLE_ZXN:FEP:PSD:deiZXNPSDZASD0030-LLLSALM,deiZXNPSDZASD0030-LLLSALM,033/010/00091/7/000001,DEIV,4,0,&DB_28061-&DB_HUADONGMEN,VE,deiZXNSYSFEPPSD-COM,,,,
:R:A:POLE_ZXN:FEP:PSD:deiZXNPSDZASD0031-SLDCLOSTA,deiZXNPSDZASD0031-SLDCLOSTA,033/010/00093/0/000001,DEIV,4,0,&DB_28071-&DB_HUADONGMEN,VE,deiZXNSYSFEPPSD-COM,,,,
:R:A:POLE_ZXN:FEP:PSD:deiZXNPSDZASD0031-SLDOPNSTA,deiZXNPSDZASD0031-SLDOPNSTA,033/010/00093/1/000001,DEIV,4,0,&DB_28071-&DB_HUADONGMEN,VE,deiZXNSYSFEPPSD-COM,,,,
:R:A:POLE_ZXN:FEP:PSD:deiZXNPSDZASD0031-GATEALM,deiZXNPSDZASD0031-GATEALM,033/010/00093/2/000001,DEIV,4,0,&DB_28071-&DB_HUADONGMEN,VE,deiZXNSYSFEPPSD-COM,,,,
:R:A:POLE_ZXN:FEP:PSD:deiZXNPSDZASD0031-MOTORALM,deiZXNPSDZASD0031-MOTORALM,033/010/00093/3/000001,DEIV,4,0,&DB_28071-&DB_HUADONGMEN,VE,deiZXNSYSFEPPSD-COM,,,,
:R:A:POLE_ZXN:FEP:PSD:deiZXNPSDZASD0031-ISOSTA,deiZXNPSDZASD0031-ISOSTA,033/010/00093/4/000001,DEIV,4,0,&DB_28071-&DB_HUADONGMEN,VE,deiZXNSYSFEPPSD-COM,,,,
:R:A:POLE_ZXN:FEP:PSD:deiZXNPSDZASD0031-MANUSTA,deiZXNPSDZASD0031-MANUSTA,033/010/00093/5/000001,DEIV,4,0,&DB_28071-&DB_HUADONGMEN,VE,deiZXNSYSFEPPSD-COM,,,,
:R:A:POLE_ZXN:FEP:PSD:deiZXNPSDZASD0031-AUTOSTA,deiZXNPSDZASD0031-AUTOSTA,033/010/00093/6/000001,DEIV,4,0,&DB_28071-&DB_HUADONGMEN,VE,deiZXNSYSFEPPSD-COM,,,,
:R:A:POLE_ZXN:FEP:PSD:deiZXNPSDZASD0031-LLLSALM,deiZXNPSDZASD0031-LLLSALM,033/010/00093/7/000001,DEIV,4,0,&DB_28071-&DB_HUADONGMEN,VE,deiZXNSYSFEPPSD-COM,,,,
:R:A:POLE_ZXN:FEP:PSD:deiZXNPSDZASD0032-SLDCLOSTA,deiZXNPSDZASD0032-SLDCLOSTA,033/010/00095/0/000001,DEIV,4,0,&DB_28081-&DB_HUADONGMEN,VE,deiZXNSYSFEPPSD-COM,,,,
:R:A:POLE_ZXN:FEP:PSD:deiZXNPSDZASD0032-SLDOPNSTA,deiZXNPSDZASD0032-SLDOPNSTA,033/010/00095/1/000001,DEIV,4,0,&DB_28081-&DB_HUADONGMEN,VE,deiZXNSYSFEPPSD-COM,,,,
:R:A:POLE_ZXN:FEP:PSD:deiZXNPSDZASD0032-GATEALM,deiZXNPSDZASD0032-GATEALM,033/010/00095/2/000001,DEIV,4,0,&DB_28081-&DB_HUADONGMEN,VE,deiZXNSYSFEPPSD-COM,,,,
:R:A:POLE_ZXN:FEP:PSD:deiZXNPSDZASD0032-MOTORALM,deiZXNPSDZASD0032-MOTORALM,033/010/00095/3/000001,DEIV,4,0,&DB_28081-&DB_HUADONGMEN,VE,deiZXNSYSFEPPSD-COM,,,,
:R:A:POLE_ZXN:FEP:PSD:deiZXNPSDZASD0032-ISOSTA,deiZXNPSDZASD0032-ISOSTA,033/010/00095/4/000001,DEIV,4,0,&DB_28081-&DB_HUADONGMEN,VE,deiZXNSYSFEPPSD-COM,,,,
:R:A:POLE_ZXN:FEP:PSD:deiZXNPSDZASD0032-MANUSTA,deiZXNPSDZASD0032-MANUSTA,033/010/00095/5/000001,DEIV,4,0,&DB_28081-&DB_HUADONGMEN,VE,deiZXNSYSFEPPSD-COM,,,,
:R:A:POLE_ZXN:FEP:PSD:deiZXNPSDZASD0032-AUTOSTA,deiZXNPSDZASD0032-AUTOSTA,033/010/00095/6/000001,DEIV,4,0,&DB_28081-&DB_HUADONGMEN,VE,deiZXNSYSFEPPSD-COM,,,,
:R:A:POLE_ZXN:FEP:PSD:deiZXNPSDZASD0032-LLLSALM,deiZXNPSDZASD0032-LLLSALM,033/010/00095/7/000001,DEIV,4,0,&DB_28081-&DB_HUADONGMEN,VE,deiZXNSYSFEPPSD-COM,,,,
:R:A:POLE_ZXN:FEP:PSD:deiZXNPSDZASD0033-SLDCLOSTA,deiZXNPSDZASD0033-SLDCLOSTA,033/010/00097/0/000001,DEIV,4,0,&DB_28091-&DB_HUADONGMEN,VE,deiZXNSYSFEPPSD-COM,,,,
:R:A:POLE_ZXN:FEP:PSD:deiZXNPSDZASD0033-SLDOPNSTA,deiZXNPSDZASD0033-SLDOPNSTA,033/010/00097/1/000001,DEIV,4,0,&DB_28091-&DB_HUADONGMEN,VE,deiZXNSYSFEPPSD-COM,,,,
:R:A:POLE_ZXN:FEP:PSD:deiZXNPSDZASD0033-GATEALM,deiZXNPSDZASD0033-GATEALM,033/010/00097/2/000001,DEIV,4,0,&DB_28091-&DB_HUADONGMEN,VE,deiZXNSYSFEPPSD-COM,,,,
:R:A:POLE_ZXN:FEP:PSD:deiZXNPSDZASD0033-MOTORALM,deiZXNPSDZASD0033-MOTORALM,033/010/00097/3/000001,DEIV,4,0,&DB_28091-&DB_HUADONGMEN,VE,deiZXNSYSFEPPSD-COM,,,,
:R:A:POLE_ZXN:FEP:PSD:deiZXNPSDZASD0033-ISOSTA,deiZXNPSDZASD0033-ISOSTA,033/010/00097/4/000001,DEIV,4,0,&DB_28091-&DB_HUADONGMEN,VE,deiZXNSYSFEPPSD-COM,,,,
:R:A:POLE_ZXN:FEP:PSD:deiZXNPSDZASD0033-MANUSTA,deiZXNPSDZASD0033-MANUSTA,033/010/00097/5/000001,DEIV,4,0,&DB_28091-&DB_HUADONGMEN,VE,deiZXNSYSFEPPSD-COM,,,,
:R:A:POLE_ZXN:FEP:PSD:deiZXNPSDZASD0033-AUTOSTA,deiZXNPSDZASD0033-AUTOSTA,033/010/00097/6/000001,DEIV,4,0,&DB_28091-&DB_HUADONGMEN,VE,deiZXNSYSFEPPSD-COM,,,,
:R:A:POLE_ZXN:FEP:PSD:deiZXNPSDZASD0033-LLLSALM,deiZXNPSDZASD0033-LLLSALM,033/010/00097/7/000001,DEIV,4,0,&DB_28091-&DB_HUADONGMEN,VE,deiZXNSYSFEPPSD-COM,,,,
:R:A:POLE_ZXN:FEP:PSD:deiZXNPSDZASD0034-SLDCLOSTA,deiZXNPSDZASD0034-SLDCLOSTA,033/010/00099/0/000001,DEIV,4,0,&DB_28101-&DB_HUADONGMEN,VE,deiZXNSYSFEPPSD-COM,,,,
:R:A:POLE_ZXN:FEP:PSD:deiZXNPSDZASD0034-SLDOPNSTA,deiZXNPSDZASD0034-SLDOPNSTA,033/010/00099/1/000001,DEIV,4,0,&DB_28101-&DB_HUADONGMEN,VE,deiZXNSYSFEPPSD-COM,,,,
:R:A:POLE_ZXN:FEP:PSD:deiZXNPSDZASD0034-GATEALM,deiZXNPSDZASD0034-GATEALM,033/010/00099/2/000001,DEIV,4,0,&DB_28101-&DB_HUADONGMEN,VE,deiZXNSYSFEPPSD-COM,,,,
:R:A:POLE_ZXN:FEP:PSD:deiZXNPSDZASD0034-MOTORALM,deiZXNPSDZASD0034-MOTORALM,033/010/00099/3/000001,DEIV,4,0,&DB_28101-&DB_HUADONGMEN,VE,deiZXNSYSFEPPSD-COM,,,,
:R:A:POLE_ZXN:FEP:PSD:deiZXNPSDZASD0034-ISOSTA,deiZXNPSDZASD0034-ISOSTA,033/010/00099/4/000001,DEIV,4,0,&DB_28101-&DB_HUADONGMEN,VE,deiZXNSYSFEPPSD-COM,,,,
:R:A:POLE_ZXN:FEP:PSD:deiZXNPSDZASD0034-MANUSTA,deiZXNPSDZASD0034-MANUSTA,033/010/00099/5/000001,DEIV,4,0,&DB_28101-&DB_HUADONGMEN,VE,deiZXNSYSFEPPSD-COM,,,,
:R:A:POLE_ZXN:FEP:PSD:deiZXNPSDZASD0034-AUTOSTA,deiZXNPSDZASD0034-AUTOSTA,033/010/00099/6/000001,DEIV,4,0,&DB_28101-&DB_HUADONGMEN,VE,deiZXNSYSFEPPSD-COM,,,,
:R:A:POLE_ZXN:FEP:PSD:deiZXNPSDZASD0034-LLLSALM,deiZXNPSDZASD0034-LLLSALM,033/010/00099/7/000001,DEIV,4,0,&DB_28101-&DB_HUADONGMEN,VE,deiZXNSYSFEPPSD-COM,,,,
:R:A:POLE_ZXN:FEP:PSD:deiZXNPSDZASD0035-SLDCLOSTA,deiZXNPSDZASD0035-SLDCLOSTA,033/010/00101/0/000001,DEIV,4,0,&DB_28111-&DB_HUADONGMEN,VE,deiZXNSYSFEPPSD-COM,,,,
:R:A:POLE_ZXN:FEP:PSD:deiZXNPSDZASD0035-SLDOPNSTA,deiZXNPSDZASD0035-SLDOPNSTA,033/010/00101/1/000001,DEIV,4,0,&DB_28111-&DB_HUADONGMEN,VE,deiZXNSYSFEPPSD-COM,,,,
:R:A:POLE_ZXN:FEP:PSD:deiZXNPSDZASD0035-GATEALM,deiZXNPSDZASD0035-GATEALM,033/010/00101/2/000001,DEIV,4,0,&DB_28111-&DB_HUADONGMEN,VE,deiZXNSYSFEPPSD-COM,,,,
:R:A:POLE_ZXN:FEP:PSD:deiZXNPSDZASD0035-MOTORALM,deiZXNPSDZASD0035-MOTORALM,033/010/00101/3/000001,DEIV,4,0,&DB_28111-&DB_HUADONGMEN,VE,deiZXNSYSFEPPSD-COM,,,,
:R:A:POLE_ZXN:FEP:PSD:deiZXNPSDZASD0035-ISOSTA,deiZXNPSDZASD0035-ISOSTA,033/010/00101/4/000001,DEIV,4,0,&DB_28111-&DB_HUADONGMEN,VE,deiZXNSYSFEPPSD-COM,,,,
:R:A:POLE_ZXN:FEP:PSD:deiZXNPSDZASD0035-MANUSTA,deiZXNPSDZASD0035-MANUSTA,033/010/00101/5/000001,DEIV,4,0,&DB_28111-&DB_HUADONGMEN,VE,deiZXNSYSFEPPSD-COM,,,,
:R:A:POLE_ZXN:FEP:PSD:deiZXNPSDZASD0035-AUTOSTA,deiZXNPSDZASD0035-AUTOSTA,033/010/00101/6/000001,DEIV,4,0,&DB_28111-&DB_HUADONGMEN,VE,deiZXNSYSFEPPSD-COM,,,,
:R:A:POLE_ZXN:FEP:PSD:deiZXNPSDZASD0035-LLLSALM,deiZXNPSDZASD0035-LLLSALM,033/010/00101/7/000001,DEIV,4,0,&DB_28111-&DB_HUADONGMEN,VE,deiZXNSYSFEPPSD-COM,,,,
:R:A:POLE_ZXN:FEP:PSD:deiZXNPSDZASD0036-SLDCLOSTA,deiZXNPSDZASD0036-SLDCLOSTA,033/010/00103/0/000001,DEIV,4,0,&DB_28121-&DB_HUADONGMEN,VE,deiZXNSYSFEPPSD-COM,,,,
:R:A:POLE_ZXN:FEP:PSD:deiZXNPSDZASD0036-SLDOPNSTA,deiZXNPSDZASD0036-SLDOPNSTA,033/010/00103/1/000001,DEIV,4,0,&DB_28121-&DB_HUADONGMEN,VE,deiZXNSYSFEPPSD-COM,,,,
:R:A:POLE_ZXN:FEP:PSD:deiZXNPSDZASD0036-GATEALM,deiZXNPSDZASD0036-GATEALM,033/010/00103/2/000001,DEIV,4,0,&DB_28121-&DB_HUADONGMEN,VE,deiZXNSYSFEPPSD-COM,,,,
:R:A:POLE_ZXN:FEP:PSD:deiZXNPSDZASD0036-MOTORALM,deiZXNPSDZASD0036-MOTORALM,033/010/00103/3/000001,DEIV,4,0,&DB_28121-&DB_HUADONGMEN,VE,deiZXNSYSFEPPSD-COM,,,,
:R:A:POLE_ZXN:FEP:PSD:deiZXNPSDZASD0036-ISOSTA,deiZXNPSDZASD0036-ISOSTA,033/010/00103/4/000001,DEIV,4,0,&DB_28121-&DB_HUADONGMEN,VE,deiZXNSYSFEPPSD-COM,,,,
:R:A:POLE_ZXN:FEP:PSD:deiZXNPSDZASD0036-MANUSTA,deiZXNPSDZASD0036-MANUSTA,033/010/00103/5/000001,DEIV,4,0,&DB_28121-&DB_HUADONGMEN,VE,deiZXNSYSFEPPSD-COM,,,,
:R:A:POLE_ZXN:FEP:PSD:deiZXNPSDZASD0036-AUTOSTA,deiZXNPSDZASD0036-AUTOSTA,033/010/00103/6/000001,DEIV,4,0,&DB_28121-&DB_HUADONGMEN,VE,deiZXNSYSFEPPSD-COM,,,,
:R:A:POLE_ZXN:FEP:PSD:deiZXNPSDZASD0036-LLLSALM,deiZXNPSDZASD0036-LLLSALM,033/010/00103/7/000001,DEIV,4,0,&DB_28121-&DB_HUADONGMEN,VE,deiZXNSYSFEPPSD-COM,,,,
:R:A:POLE_ZXN:FEP:PSD:deiZXNPSDZASD0037-SLDCLOSTA,deiZXNPSDZASD0037-SLDCLOSTA,033/010/00105/0/000001,DEIV,4,0,&DB_28131-&DB_HUADONGMEN,VE,deiZXNSYSFEPPSD-COM,,,,
:R:A:POLE_ZXN:FEP:PSD:deiZXNPSDZASD0037-SLDOPNSTA,deiZXNPSDZASD0037-SLDOPNSTA,033/010/00105/1/000001,DEIV,4,0,&DB_28131-&DB_HUADONGMEN,VE,deiZXNSYSFEPPSD-COM,,,,
:R:A:POLE_ZXN:FEP:PSD:deiZXNPSDZASD0037-GATEALM,deiZXNPSDZASD0037-GATEALM,033/010/00105/2/000001,DEIV,4,0,&DB_28131-&DB_HUADONGMEN,VE,deiZXNSYSFEPPSD-COM,,,,
:R:A:POLE_ZXN:FEP:PSD:deiZXNPSDZASD0037-MOTORALM,deiZXNPSDZASD0037-MOTORALM,033/010/00105/3/000001,DEIV,4,0,&DB_28131-&DB_HUADONGMEN,VE,deiZXNSYSFEPPSD-COM,,,,
:R:A:POLE_ZXN:FEP:PSD:deiZXNPSDZASD0037-ISOSTA,deiZXNPSDZASD0037-ISOSTA,033/010/00105/4/000001,DEIV,4,0,&DB_28131-&DB_HUADONGMEN,VE,deiZXNSYSFEPPSD-COM,,,,
:R:A:POLE_ZXN:FEP:PSD:deiZXNPSDZASD0037-MANUSTA,deiZXNPSDZASD0037-MANUSTA,033/010/00105/5/000001,DEIV,4,0,&DB_28131-&DB_HUADONGMEN,VE,deiZXNSYSFEPPSD-COM,,,,
:R:A:POLE_ZXN:FEP:PSD:deiZXNPSDZASD0037-AUTOSTA,deiZXNPSDZASD0037-AUTOSTA,033/010/00105/6/000001,DEIV,4,0,&DB_28131-&DB_HUADONGMEN,VE,deiZXNSYSFEPPSD-COM,,,,
:R:A:POLE_ZXN:FEP:PSD:deiZXNPSDZASD0037-LLLSALM,deiZXNPSDZASD0037-LLLSALM,033/010/00105/7/000001,DEIV,4,0,&DB_28131-&DB_HUADONGMEN,VE,deiZXNSYSFEPPSD-COM,,,,
:R:A:POLE_ZXN:FEP:PSD:deiZXNPSDZASD0038-SLDCLOSTA,deiZXNPSDZASD0038-SLDCLOSTA,033/010/00107/0/000001,DEIV,4,0,&DB_28141-&DB_HUADONGMEN,VE,deiZXNSYSFEPPSD-COM,,,,
:R:A:POLE_ZXN:FEP:PSD:deiZXNPSDZASD0038-SLDOPNSTA,deiZXNPSDZASD0038-SLDOPNSTA,033/010/00107/1/000001,DEIV,4,0,&DB_28141-&DB_HUADONGMEN,VE,deiZXNSYSFEPPSD-COM,,,,
:R:A:POLE_ZXN:FEP:PSD:deiZXNPSDZASD0038-GATEALM,deiZXNPSDZASD0038-GATEALM,033/010/00107/2/000001,DEIV,4,0,&DB_28141-&DB_HUADONGMEN,VE,deiZXNSYSFEPPSD-COM,,,,
:R:A:POLE_ZXN:FEP:PSD:deiZXNPSDZASD0038-MOTORALM,deiZXNPSDZASD0038-MOTORALM,033/010/00107/3/000001,DEIV,4,0,&DB_28141-&DB_HUADONGMEN,VE,deiZXNSYSFEPPSD-COM,,,,
:R:A:POLE_ZXN:FEP:PSD:deiZXNPSDZASD0038-ISOSTA,deiZXNPSDZASD0038-ISOSTA,033/010/00107/4/000001,DEIV,4,0,&DB_28141-&DB_HUADONGMEN,VE,deiZXNSYSFEPPSD-COM,,,,
:R:A:POLE_ZXN:FEP:PSD:deiZXNPSDZASD0038-MANUSTA,deiZXNPSDZASD0038-MANUSTA,033/010/00107/5/000001,DEIV,4,0,&DB_28141-&DB_HUADONGMEN,VE,deiZXNSYSFEPPSD-COM,,,,
:R:A:POLE_ZXN:FEP:PSD:deiZXNPSDZASD0038-AUTOSTA,deiZXNPSDZASD0038-AUTOSTA,033/010/00107/6/000001,DEIV,4,0,&DB_28141-&DB_HUADONGMEN,VE,deiZXNSYSFEPPSD-COM,,,,
:R:A:POLE_ZXN:FEP:PSD:deiZXNPSDZASD0038-LLLSALM,deiZXNPSDZASD0038-LLLSALM,033/010/00107/7/000001,DEIV,4,0,&DB_28141-&DB_HUADONGMEN,VE,deiZXNSYSFEPPSD-COM,,,,
:R:A:POLE_ZXN:FEP:PSD:deiZXNPSDZASD0039-SLDCLOSTA,deiZXNPSDZASD0039-SLDCLOSTA,033/010/00109/0/000001,DEIV,4,0,&DB_28151-&DB_HUADONGMEN,VE,deiZXNSYSFEPPSD-COM,,,,
:R:A:POLE_ZXN:FEP:PSD:deiZXNPSDZASD0039-SLDOPNSTA,deiZXNPSDZASD0039-SLDOPNSTA,033/010/00109/1/000001,DEIV,4,0,&DB_28151-&DB_HUADONGMEN,VE,deiZXNSYSFEPPSD-COM,,,,
:R:A:POLE_ZXN:FEP:PSD:deiZXNPSDZASD0039-GATEALM,deiZXNPSDZASD0039-GATEALM,033/010/00109/2/000001,DEIV,4,0,&DB_28151-&DB_HUADONGMEN,VE,deiZXNSYSFEPPSD-COM,,,,
:R:A:POLE_ZXN:FEP:PSD:deiZXNPSDZASD0039-MOTORALM,deiZXNPSDZASD0039-MOTORALM,033/010/00109/3/000001,DEIV,4,0,&DB_28151-&DB_HUADONGMEN,VE,deiZXNSYSFEPPSD-COM,,,,
:R:A:POLE_ZXN:FEP:PSD:deiZXNPSDZASD0039-ISOSTA,deiZXNPSDZASD0039-ISOSTA,033/010/00109/4/000001,DEIV,4,0,&DB_28151-&DB_HUADONGMEN,VE,deiZXNSYSFEPPSD-COM,,,,
:R:A:POLE_ZXN:FEP:PSD:deiZXNPSDZASD0039-MANUSTA,deiZXNPSDZASD0039-MANUSTA,033/010/00109/5/000001,DEIV,4,0,&DB_28151-&DB_HUADONGMEN,VE,deiZXNSYSFEPPSD-COM,,,,
:R:A:POLE_ZXN:FEP:PSD:deiZXNPSDZASD0039-AUTOSTA,deiZXNPSDZASD0039-AUTOSTA,033/010/00109/6/000001,DEIV,4,0,&DB_28151-&DB_HUADONGMEN,VE,deiZXNSYSFEPPSD-COM,,,,
:R:A:POLE_ZXN:FEP:PSD:deiZXNPSDZASD0039-LLLSALM,deiZXNPSDZASD0039-LLLSALM,033/010/00109/7/000001,DEIV,4,0,&DB_28151-&DB_HUADONGMEN,VE,deiZXNSYSFEPPSD-COM,,,,
:R:A:POLE_ZXN:FEP:PSD:deiZXNPSDZASD0040-SLDCLOSTA,deiZXNPSDZASD0040-SLDCLOSTA,033/010/00111/0/000001,DEIV,4,0,&DB_28161-&DB_HUADONGMEN,VE,deiZXNSYSFEPPSD-COM,,,,
:R:A:POLE_ZXN:FEP:PSD:deiZXNPSDZASD0040-SLDOPNSTA,deiZXNPSDZASD0040-SLDOPNSTA,033/010/00111/1/000001,DEIV,4,0,&DB_28161-&DB_HUADONGMEN,VE,deiZXNSYSFEPPSD-COM,,,,
:R:A:POLE_ZXN:FEP:PSD:deiZXNPSDZASD0040-GATEALM,deiZXNPSDZASD0040-GATEALM,033/010/00111/2/000001,DEIV,4,0,&DB_28161-&DB_HUADONGMEN,VE,deiZXNSYSFEPPSD-COM,,,,
:R:A:POLE_ZXN:FEP:PSD:deiZXNPSDZASD0040-MOTORALM,deiZXNPSDZASD0040-MOTORALM,033/010/00111/3/000001,DEIV,4,0,&DB_28161-&DB_HUADONGMEN,VE,deiZXNSYSFEPPSD-COM,,,,
:R:A:POLE_ZXN:FEP:PSD:deiZXNPSDZASD0040-ISOSTA,deiZXNPSDZASD0040-ISOSTA,033/010/00111/4/000001,DEIV,4,0,&DB_28161-&DB_HUADONGMEN,VE,deiZXNSYSFEPPSD-COM,,,,
:R:A:POLE_ZXN:FEP:PSD:deiZXNPSDZASD0040-MANUSTA,deiZXNPSDZASD0040-MANUSTA,033/010/00111/5/000001,DEIV,4,0,&DB_28161-&DB_HUADONGMEN,VE,deiZXNSYSFEPPSD-COM,,,,
:R:A:POLE_ZXN:FEP:PSD:deiZXNPSDZASD0040-AUTOSTA,deiZXNPSDZASD0040-AUTOSTA,033/010/00111/6/000001,DEIV,4,0,&DB_28161-&DB_HUADONGMEN,VE,deiZXNSYSFEPPSD-COM,,,,
:R:A:POLE_ZXN:FEP:PSD:deiZXNPSDZASD0040-LLLSALM,deiZXNPSDZASD0040-LLLSALM,033/010/00111/7/000001,DEIV,4,0,&DB_28161-&DB_HUADONGMEN,VE,deiZXNSYSFEPPSD-COM,,,,
:R:A:POLE_ZXN:FEP:PSD:deiZXNPSDZASD0041-SLDCLOSTA,deiZXNPSDZASD0041-SLDCLOSTA,033/010/00113/0/000001,DEIV,4,0,&DB_28171-&DB_HUADONGMEN,VE,deiZXNSYSFEPPSD-COM,,,,
:R:A:POLE_ZXN:FEP:PSD:deiZXNPSDZASD0041-SLDOPNSTA,deiZXNPSDZASD0041-SLDOPNSTA,033/010/00113/1/000001,DEIV,4,0,&DB_28171-&DB_HUADONGMEN,VE,deiZXNSYSFEPPSD-COM,,,,
:R:A:POLE_ZXN:FEP:PSD:deiZXNPSDZASD0041-GATEALM,deiZXNPSDZASD0041-GATEALM,033/010/00113/2/000001,DEIV,4,0,&DB_28171-&DB_HUADONGMEN,VE,deiZXNSYSFEPPSD-COM,,,,
:R:A:POLE_ZXN:FEP:PSD:deiZXNPSDZASD0041-MOTORALM,deiZXNPSDZASD0041-MOTORALM,033/010/00113/3/000001,DEIV,4,0,&DB_28171-&DB_HUADONGMEN,VE,deiZXNSYSFEPPSD-COM,,,,
:R:A:POLE_ZXN:FEP:PSD:deiZXNPSDZASD0041-ISOSTA,deiZXNPSDZASD0041-ISOSTA,033/010/00113/4/000001,DEIV,4,0,&DB_28171-&DB_HUADONGMEN,VE,deiZXNSYSFEPPSD-COM,,,,
:R:A:POLE_ZXN:FEP:PSD:deiZXNPSDZASD0041-MANUSTA,deiZXNPSDZASD0041-MANUSTA,033/010/00113/5/000001,DEIV,4,0,&DB_28171-&DB_HUADONGMEN,VE,deiZXNSYSFEPPSD-COM,,,,
:R:A:POLE_ZXN:FEP:PSD:deiZXNPSDZASD0041-AUTOSTA,deiZXNPSDZASD0041-AUTOSTA,033/010/00113/6/000001,DEIV,4,0,&DB_28171-&DB_HUADONGMEN,VE,deiZXNSYSFEPPSD-COM,,,,
:R:A:POLE_ZXN:FEP:PSD:deiZXNPSDZASD0041-LLLSALM,deiZXNPSDZASD0041-LLLSALM,033/010/00113/7/000001,DEIV,4,0,&DB_28171-&DB_HUADONGMEN,VE,deiZXNSYSFEPPSD-COM,,,,
:R:A:POLE_ZXN:FEP:PSD:deiZXNPSDZASD0042-SLDCLOSTA,deiZXNPSDZASD0042-SLDCLOSTA,033/010/00115/0/000001,DEIV,4,0,&DB_28181-&DB_HUADONGMEN,VE,deiZXNSYSFEPPSD-COM,,,,
:R:A:POLE_ZXN:FEP:PSD:deiZXNPSDZASD0042-SLDOPNSTA,deiZXNPSDZASD0042-SLDOPNSTA,033/010/00115/1/000001,DEIV,4,0,&DB_28181-&DB_HUADONGMEN,VE,deiZXNSYSFEPPSD-COM,,,,
:R:A:POLE_ZXN:FEP:PSD:deiZXNPSDZASD0042-GATEALM,deiZXNPSDZASD0042-GATEALM,033/010/00115/2/000001,DEIV,4,0,&DB_28181-&DB_HUADONGMEN,VE,deiZXNSYSFEPPSD-COM,,,,
:R:A:POLE_ZXN:FEP:PSD:deiZXNPSDZASD0042-MOTORALM,deiZXNPSDZASD0042-MOTORALM,033/010/00115/3/000001,DEIV,4,0,&DB_28181-&DB_HUADONGMEN,VE,deiZXNSYSFEPPSD-COM,,,,
:R:A:POLE_ZXN:FEP:PSD:deiZXNPSDZASD0042-ISOSTA,deiZXNPSDZASD0042-ISOSTA,033/010/00115/4/000001,DEIV,4,0,&DB_28181-&DB_HUADONGMEN,VE,deiZXNSYSFEPPSD-COM,,,,
:R:A:POLE_ZXN:FEP:PSD:deiZXNPSDZASD0042-MANUSTA,deiZXNPSDZASD0042-MANUSTA,033/010/00115/5/000001,DEIV,4,0,&DB_28181-&DB_HUADONGMEN,VE,deiZXNSYSFEPPSD-COM,,,,
:R:A:POLE_ZXN:FEP:PSD:deiZXNPSDZASD0042-AUTOSTA,deiZXNPSDZASD0042-AUTOSTA,033/010/00115/6/000001,DEIV,4,0,&DB_28181-&DB_HUADONGMEN,VE,deiZXNSYSFEPPSD-COM,,,,
:R:A:POLE_ZXN:FEP:PSD:deiZXNPSDZASD0042-LLLSALM,deiZXNPSDZASD0042-LLLSALM,033/010/00115/7/000001,DEIV,4,0,&DB_28181-&DB_HUADONGMEN,VE,deiZXNSYSFEPPSD-COM,,,,
:R:A:POLE_ZXN:FEP:PSD:deiZXNPSDZASD0043-SLDCLOSTA,deiZXNPSDZASD0043-SLDCLOSTA,033/010/00117/0/000001,DEIV,4,0,&DB_28191-&DB_HUADONGMEN,VE,deiZXNSYSFEPPSD-COM,,,,
:R:A:POLE_ZXN:FEP:PSD:deiZXNPSDZASD0043-SLDOPNSTA,deiZXNPSDZASD0043-SLDOPNSTA,033/010/00117/1/000001,DEIV,4,0,&DB_28191-&DB_HUADONGMEN,VE,deiZXNSYSFEPPSD-COM,,,,
:R:A:POLE_ZXN:FEP:PSD:deiZXNPSDZASD0043-GATEALM,deiZXNPSDZASD0043-GATEALM,033/010/00117/2/000001,DEIV,4,0,&DB_28191-&DB_HUADONGMEN,VE,deiZXNSYSFEPPSD-COM,,,,
:R:A:POLE_ZXN:FEP:PSD:deiZXNPSDZASD0043-MOTORALM,deiZXNPSDZASD0043-MOTORALM,033/010/00117/3/000001,DEIV,4,0,&DB_28191-&DB_HUADONGMEN,VE,deiZXNSYSFEPPSD-COM,,,,
:R:A:POLE_ZXN:FEP:PSD:deiZXNPSDZASD0043-ISOSTA,deiZXNPSDZASD0043-ISOSTA,033/010/00117/4/000001,DEIV,4,0,&DB_28191-&DB_HUADONGMEN,VE,deiZXNSYSFEPPSD-COM,,,,
:R:A:POLE_ZXN:FEP:PSD:deiZXNPSDZASD0043-MANUSTA,deiZXNPSDZASD0043-MANUSTA,033/010/00117/5/000001,DEIV,4,0,&DB_28191-&DB_HUADONGMEN,VE,deiZXNSYSFEPPSD-COM,,,,
:R:A:POLE_ZXN:FEP:PSD:deiZXNPSDZASD0043-AUTOSTA,deiZXNPSDZASD0043-AUTOSTA,033/010/00117/6/000001,DEIV,4,0,&DB_28191-&DB_HUADONGMEN,VE,deiZXNSYSFEPPSD-COM,,,,
:R:A:POLE_ZXN:FEP:PSD:deiZXNPSDZASD0043-LLLSALM,deiZXNPSDZASD0043-LLLSALM,033/010/00117/7/000001,DEIV,4,0,&DB_28191-&DB_HUADONGMEN,VE,deiZXNSYSFEPPSD-COM,,,,
:R:A:POLE_ZXN:FEP:PSD:deiZXNPSDZASD0044-SLDCLOSTA,deiZXNPSDZASD0044-SLDCLOSTA,033/010/00119/0/000001,DEIV,4,0,&DB_28201-&DB_HUADONGMEN,VE,deiZXNSYSFEPPSD-COM,,,,
:R:A:POLE_ZXN:FEP:PSD:deiZXNPSDZASD0044-SLDOPNSTA,deiZXNPSDZASD0044-SLDOPNSTA,033/010/00119/1/000001,DEIV,4,0,&DB_28201-&DB_HUADONGMEN,VE,deiZXNSYSFEPPSD-COM,,,,
:R:A:POLE_ZXN:FEP:PSD:deiZXNPSDZASD0044-GATEALM,deiZXNPSDZASD0044-GATEALM,033/010/00119/2/000001,DEIV,4,0,&DB_28201-&DB_HUADONGMEN,VE,deiZXNSYSFEPPSD-COM,,,,
:R:A:POLE_ZXN:FEP:PSD:deiZXNPSDZASD0044-MOTORALM,deiZXNPSDZASD0044-MOTORALM,033/010/00119/3/000001,DEIV,4,0,&DB_28201-&DB_HUADONGMEN,VE,deiZXNSYSFEPPSD-COM,,,,
:R:A:POLE_ZXN:FEP:PSD:deiZXNPSDZASD0044-ISOSTA,deiZXNPSDZASD0044-ISOSTA,033/010/00119/4/000001,DEIV,4,0,&DB_28201-&DB_HUADONGMEN,VE,deiZXNSYSFEPPSD-COM,,,,
:R:A:POLE_ZXN:FEP:PSD:deiZXNPSDZASD0044-MANUSTA,deiZXNPSDZASD0044-MANUSTA,033/010/00119/5/000001,DEIV,4,0,&DB_28201-&DB_HUADONGMEN,VE,deiZXNSYSFEPPSD-COM,,,,
:R:A:POLE_ZXN:FEP:PSD:deiZXNPSDZASD0044-AUTOSTA,deiZXNPSDZASD0044-AUTOSTA,033/010/00119/6/000001,DEIV,4,0,&DB_28201-&DB_HUADONGMEN,VE,deiZXNSYSFEPPSD-COM,,,,
:R:A:POLE_ZXN:FEP:PSD:deiZXNPSDZASD0044-LLLSALM,deiZXNPSDZASD0044-LLLSALM,033/010/00119/7/000001,DEIV,4,0,&DB_28201-&DB_HUADONGMEN,VE,deiZXNSYSFEPPSD-COM,,,,
:R:A:POLE_ZXN:FEP:PSD:deiZXNPSDZASD0045-SLDCLOSTA,deiZXNPSDZASD0045-SLDCLOSTA,033/010/00121/0/000001,DEIV,4,0,&DB_28211-&DB_HUADONGMEN,VE,deiZXNSYSFEPPSD-COM,,,,
:R:A:POLE_ZXN:FEP:PSD:deiZXNPSDZASD0045-SLDOPNSTA,deiZXNPSDZASD0045-SLDOPNSTA,033/010/00121/1/000001,DEIV,4,0,&DB_28211-&DB_HUADONGMEN,VE,deiZXNSYSFEPPSD-COM,,,,
:R:A:POLE_ZXN:FEP:PSD:deiZXNPSDZASD0045-GATEALM,deiZXNPSDZASD0045-GATEALM,033/010/00121/2/000001,DEIV,4,0,&DB_28211-&DB_HUADONGMEN,VE,deiZXNSYSFEPPSD-COM,,,,
:R:A:POLE_ZXN:FEP:PSD:deiZXNPSDZASD0045-MOTORALM,deiZXNPSDZASD0045-MOTORALM,033/010/00121/3/000001,DEIV,4,0,&DB_28211-&DB_HUADONGMEN,VE,deiZXNSYSFEPPSD-COM,,,,
:R:A:POLE_ZXN:FEP:PSD:deiZXNPSDZASD0045-ISOSTA,deiZXNPSDZASD0045-ISOSTA,033/010/00121/4/000001,DEIV,4,0,&DB_28211-&DB_HUADONGMEN,VE,deiZXNSYSFEPPSD-COM,,,,
:R:A:POLE_ZXN:FEP:PSD:deiZXNPSDZASD0045-MANUSTA,deiZXNPSDZASD0045-MANUSTA,033/010/00121/5/000001,DEIV,4,0,&DB_28211-&DB_HUADONGMEN,VE,deiZXNSYSFEPPSD-COM,,,,
:R:A:POLE_ZXN:FEP:PSD:deiZXNPSDZASD0045-AUTOSTA,deiZXNPSDZASD0045-AUTOSTA,033/010/00121/6/000001,DEIV,4,0,&DB_28211-&DB_HUADONGMEN,VE,deiZXNSYSFEPPSD-COM,,,,
:R:A:POLE_ZXN:FEP:PSD:deiZXNPSDZASD0045-LLLSALM,deiZXNPSDZASD0045-LLLSALM,033/010/00121/7/000001,DEIV,4,0,&DB_28211-&DB_HUADONGMEN,VE,deiZXNSYSFEPPSD-COM,,,,
:R:A:POLE_ZXN:FEP:PSD:deiZXNPSDZASD0046-SLDCLOSTA,deiZXNPSDZASD0046-SLDCLOSTA,033/010/00123/0/000001,DEIV,4,0,&DB_28221-&DB_HUADONGMEN,VE,deiZXNSYSFEPPSD-COM,,,,
:R:A:POLE_ZXN:FEP:PSD:deiZXNPSDZASD0046-SLDOPNSTA,deiZXNPSDZASD0046-SLDOPNSTA,033/010/00123/1/000001,DEIV,4,0,&DB_28221-&DB_HUADONGMEN,VE,deiZXNSYSFEPPSD-COM,,,,
:R:A:POLE_ZXN:FEP:PSD:deiZXNPSDZASD0046-GATEALM,deiZXNPSDZASD0046-GATEALM,033/010/00123/2/000001,DEIV,4,0,&DB_28221-&DB_HUADONGMEN,VE,deiZXNSYSFEPPSD-COM,,,,
:R:A:POLE_ZXN:FEP:PSD:deiZXNPSDZASD0046-MOTORALM,deiZXNPSDZASD0046-MOTORALM,033/010/00123/3/000001,DEIV,4,0,&DB_28221-&DB_HUADONGMEN,VE,deiZXNSYSFEPPSD-COM,,,,
:R:A:POLE_ZXN:FEP:PSD:deiZXNPSDZASD0046-ISOSTA,deiZXNPSDZASD0046-ISOSTA,033/010/00123/4/000001,DEIV,4,0,&DB_28221-&DB_HUADONGMEN,VE,deiZXNSYSFEPPSD-COM,,,,
:R:A:POLE_ZXN:FEP:PSD:deiZXNPSDZASD0046-MANUSTA,deiZXNPSDZASD0046-MANUSTA,033/010/00123/5/000001,DEIV,4,0,&DB_28221-&DB_HUADONGMEN,VE,deiZXNSYSFEPPSD-COM,,,,
:R:A:POLE_ZXN:FEP:PSD:deiZXNPSDZASD0046-AUTOSTA,deiZXNPSDZASD0046-AUTOSTA,033/010/00123/6/000001,DEIV,4,0,&DB_28221-&DB_HUADONGMEN,VE,deiZXNSYSFEPPSD-COM,,,,
:R:A:POLE_ZXN:FEP:PSD:deiZXNPSDZASD0046-LLLSALM,deiZXNPSDZASD0046-LLLSALM,033/010/00123/7/000001,DEIV,4,0,&DB_28221-&DB_HUADONGMEN,VE,deiZXNSYSFEPPSD-COM,,,,
:R:A:POLE_ZXN:FEP:PSD:deiZXNPSDZASD0047-SLDCLOSTA,deiZXNPSDZASD0047-SLDCLOSTA,033/010/00125/0/000001,DEIV,4,0,&DB_28231-&DB_HUADONGMEN,VE,deiZXNSYSFEPPSD-COM,,,,
:R:A:POLE_ZXN:FEP:PSD:deiZXNPSDZASD0047-SLDOPNSTA,deiZXNPSDZASD0047-SLDOPNSTA,033/010/00125/1/000001,DEIV,4,0,&DB_28231-&DB_HUADONGMEN,VE,deiZXNSYSFEPPSD-COM,,,,
:R:A:POLE_ZXN:FEP:PSD:deiZXNPSDZASD0047-GATEALM,deiZXNPSDZASD0047-GATEALM,033/010/00125/2/000001,DEIV,4,0,&DB_28231-&DB_HUADONGMEN,VE,deiZXNSYSFEPPSD-COM,,,,
:R:A:POLE_ZXN:FEP:PSD:deiZXNPSDZASD0047-MOTORALM,deiZXNPSDZASD0047-MOTORALM,033/010/00125/3/000001,DEIV,4,0,&DB_28231-&DB_HUADONGMEN,VE,deiZXNSYSFEPPSD-COM,,,,
:R:A:POLE_ZXN:FEP:PSD:deiZXNPSDZASD0047-ISOSTA,deiZXNPSDZASD0047-ISOSTA,033/010/00125/4/000001,DEIV,4,0,&DB_28231-&DB_HUADONGMEN,VE,deiZXNSYSFEPPSD-COM,,,,
:R:A:POLE_ZXN:FEP:PSD:deiZXNPSDZASD0047-MANUSTA,deiZXNPSDZASD0047-MANUSTA,033/010/00125/5/000001,DEIV,4,0,&DB_28231-&DB_HUADONGMEN,VE,deiZXNSYSFEPPSD-COM,,,,
:R:A:POLE_ZXN:FEP:PSD:deiZXNPSDZASD0047-AUTOSTA,deiZXNPSDZASD0047-AUTOSTA,033/010/00125/6/000001,DEIV,4,0,&DB_28231-&DB_HUADONGMEN,VE,deiZXNSYSFEPPSD-COM,,,,
:R:A:POLE_ZXN:FEP:PSD:deiZXNPSDZASD0047-LLLSALM,deiZXNPSDZASD0047-LLLSALM,033/010/00125/7/000001,DEIV,4,0,&DB_28231-&DB_HUADONGMEN,VE,deiZXNSYSFEPPSD-COM,,,,
:R:A:POLE_ZXN:FEP:PSD:deiZXNPSDZASD0048-SLDCLOSTA,deiZXNPSDZASD0048-SLDCLOSTA,033/010/00127/0/000001,DEIV,4,0,&DB_28241-&DB_HUADONGMEN,VE,deiZXNSYSFEPPSD-COM,,,,
:R:A:POLE_ZXN:FEP:PSD:deiZXNPSDZASD0048-SLDOPNSTA,deiZXNPSDZASD0048-SLDOPNSTA,033/010/00127/1/000001,DEIV,4,0,&DB_28241-&DB_HUADONGMEN,VE,deiZXNSYSFEPPSD-COM,,,,
:R:A:POLE_ZXN:FEP:PSD:deiZXNPSDZASD0048-GATEALM,deiZXNPSDZASD0048-GATEALM,033/010/00127/2/000001,DEIV,4,0,&DB_28241-&DB_HUADONGMEN,VE,deiZXNSYSFEPPSD-COM,,,,
:R:A:POLE_ZXN:FEP:PSD:deiZXNPSDZASD0048-MOTORALM,deiZXNPSDZASD0048-MOTORALM,033/010/00127/3/000001,DEIV,4,0,&DB_28241-&DB_HUADONGMEN,VE,deiZXNSYSFEPPSD-COM,,,,
:R:A:POLE_ZXN:FEP:PSD:deiZXNPSDZASD0048-ISOSTA,deiZXNPSDZASD0048-ISOSTA,033/010/00127/4/000001,DEIV,4,0,&DB_28241-&DB_HUADONGMEN,VE,deiZXNSYSFEPPSD-COM,,,,
:R:A:POLE_ZXN:FEP:PSD:deiZXNPSDZASD0048-MANUSTA,deiZXNPSDZASD0048-MANUSTA,033/010/00127/5/000001,DEIV,4,0,&DB_28241-&DB_HUADONGMEN,VE,deiZXNSYSFEPPSD-COM,,,,
:R:A:POLE_ZXN:FEP:PSD:deiZXNPSDZASD0048-AUTOSTA,deiZXNPSDZASD0048-AUTOSTA,033/010/00127/6/000001,DEIV,4,0,&DB_28241-&DB_HUADONGMEN,VE,deiZXNSYSFEPPSD-COM,,,,
:R:A:POLE_ZXN:FEP:PSD:deiZXNPSDZASD0048-LLLSALM,deiZXNPSDZASD0048-LLLSALM,033/010/00127/7/000001,DEIV,4,0,&DB_28241-&DB_HUADONGMEN,VE,deiZXNSYSFEPPSD-COM,,,,
